{"fasttext": {"cosine": {"0.2": {"CLL": [-0.677405, -0.592856, -0.748689, -0.635385], "AUC ROC": [0.693237, 0.747255, 0.629104, 0.728383], "AUC PR": [0.705444, 0.758012, 0.631995, 0.7307], "Learning Time": [8.75535535812378, 6.486503839492798, 8.759424686431885, 7.536094427108765], "Inference Time": [0.961345911026001, 0.8233482837677002, 0.9852352142333984, 0.8172249794006348]}, "0.4": {"CLL": [-0.578359, -0.503888, -0.583631, -0.565358], "AUC ROC": [0.770007, 0.902207, 0.754122, 0.792075], "AUC PR": [0.733288, 0.903739, 0.765218, 0.78384], "Learning Time": [11.821582794189453, 12.275784492492676, 10.579925537109375, 7.126251935958862], "Inference Time": [1.1893987655639648, 1.1702163219451904, 1.131772518157959, 0.8560893535614014]}, "0.6": {"CLL": [-0.454771, -0.569256, -0.560315, -0.45598], "AUC ROC": [0.894585, 0.77419, 0.78933, 0.927337], "AUC PR": [0.893627, 0.778028, 0.812302, 0.92716], "Learning Time": [14.324621200561523, 13.245149374008179, 12.860808372497559, 9.044994115829468], "Inference Time": [1.2966022491455078, 1.2025766372680664, 1.1689848899841309, 0.8523352146148682]}, "0.8": {"CLL": [-0.444987, -0.617667, -0.560591, -0.44671], "AUC ROC": [0.945941, 0.683695, 0.803653, 0.939979], "AUC PR": [0.947657, 0.706533, 0.815986, 0.929413], "Learning Time": [24.762728691101074, 16.315642833709717, 13.210972785949707, 10.66768503189087], "Inference Time": [1.619351863861084, 1.4268920421600342, 1.203611135482788, 1.170773983001709]}, "1.0": {"CLL": [-0.548704, -0.510763, -0.520944, -0.529543], "AUC ROC": [0.85019, 0.897038, 0.878918, 0.858139], "AUC PR": [0.857316, 0.898047, 0.878963, 0.847587], "Learning Time": [16.54069948196411, 10.388517618179321, 15.397379159927368, 10.163215160369873], "Inference Time": [1.3985843658447266, 1.1506245136260986, 1.4054231643676758, 1.0909721851348877]}}, "euclidean": {"0.2": {"CLL": [-0.465749, -0.830574, -0.88928, -0.871725], "AUC ROC": [0.866235, 0.56974, 0.570625, 0.591517], "AUC PR": [0.820671, 0.578625, 0.615266, 0.589266], "Learning Time": [6.538450241088867, 15.712896347045898, 9.902451038360596, 10.751049041748047], "Inference Time": [0.8413007259368896, 0.872650146484375, 0.9845669269561768, 1.2114927768707275]}, "0.4": {"CLL": [-0.642382, -0.581779, -0.656567, -0.41017], "AUC ROC": [0.706152, 0.772923, 0.671695, 0.927125], "AUC PR": [0.7251, 0.784037, 0.724165, 0.927215], "Learning Time": [56.12438702583313, 29.824334859848022, 17.174756050109863, 7.40674614906311], "Inference Time": [2.590618133544922, 1.6836528778076172, 1.3806383609771729, 0.8969881534576416]}, "0.6": {"CLL": [-0.441797, -0.457042, -0.38646, -0.394735], "AUC ROC": [0.950946, 0.920562, 0.941313, 0.954444], "AUC PR": [0.944659, 0.913214, 0.925805, 0.942494], "Learning Time": [11.699359655380249, 10.702683448791504, 11.01189661026001, 7.970118284225464], "Inference Time": [1.2589681148529053, 1.019038438796997, 1.0094408988952637, 1.0015685558319092]}, "0.8": {"CLL": [-0.38935, -0.447898, -0.379385, -0.386536], "AUC ROC": [0.966237, 0.95513, 0.956457, 0.946503], "AUC PR": [0.962267, 0.941512, 0.943279, 0.93821], "Learning Time": [10.38808822631836, 9.994527578353882, 10.41883134841919, 9.39827013015747], "Inference Time": [1.0730016231536865, 1.023648977279663, 1.0436961650848389, 1.0342779159545898]}, "1.0": {"CLL": [-0.420153, -0.441096, -0.359517, -0.406562], "AUC ROC": [0.962276, 0.953756, 0.975668, 0.957916], "AUC PR": [0.954691, 0.938657, 0.968264, 0.944224], "Learning Time": [10.952085256576538, 10.544256687164307, 9.138058423995972, 9.456043243408203], "Inference Time": [1.1325864791870117, 1.0894320011138916, 1.111323356628418, 1.0912468433380127]}}, "softcosine": {"0.2": {"CLL": [-0.709256, -0.624416, -0.748782, -0.670449], "AUC ROC": [0.648037, 0.703524, 0.603331, 0.687161], "AUC PR": [0.590144, 0.646378, 0.628515, 0.728845], "Learning Time": [9.482599258422852, 6.936268329620361, 8.281561374664307, 6.045070171356201], "Inference Time": [0.9413228034973145, 0.8602325916290283, 0.8889608383178711, 0.7946743965148926]}, "0.4": {"CLL": [-0.654562, -0.483783, -0.753496, -0.482446], "AUC ROC": [0.672439, 0.883176, 0.631469, 0.875776], "AUC PR": [0.680675, 0.873609, 0.656055, 0.878702], "Learning Time": [12.676314115524292, 8.610999345779419, 11.025446653366089, 7.526368618011475], "Inference Time": [0.9128594398498535, 0.8836162090301514, 1.0016732215881348, 0.8221509456634521]}, "0.6": {"CLL": [-0.594845, -0.461675, -0.495447, -0.565451], "AUC ROC": [0.731408, 0.91142, 0.844765, 0.800971], "AUC PR": [0.730612, 0.908609, 0.843083, 0.802302], "Learning Time": [13.295198678970337, 10.920998811721802, 12.056456089019775, 9.085497856140137], "Inference Time": [1.0907843112945557, 1.0757637023925781, 1.1323826313018799, 0.9749808311462402]}, "0.8": {"CLL": [-0.470544, -0.516242, -0.535663, -0.5466], "AUC ROC": [0.874648, 0.880299, 0.827379, 0.828659], "AUC PR": [0.863211, 0.884689, 0.851782, 0.832259], "Learning Time": [16.715367555618286, 9.722190856933594, 18.366483688354492, 9.10184121131897], "Inference Time": [1.247863531112671, 1.026139736175537, 1.6649746894836426, 1.0691149234771729]}, "1.0": {"CLL": [-0.470459, -0.504021, -0.602188, -0.486803], "AUC ROC": [0.947066, 0.909683, 0.799711, 0.887294], "AUC PR": [0.946632, 0.91438, 0.829898, 0.880933], "Learning Time": [21.757242441177368, 11.558860063552856, 15.056289196014404, 9.415215015411377], "Inference Time": [1.5932278633117676, 1.0910289287567139, 1.479452133178711, 1.0762786865234375]}}, "wmd": {"0.2": {"CLL": [-0.742149, -0.619586, -0.767272, -0.498065], "AUC ROC": [0.545206, 0.720235, 0.623193, 0.883005], "AUC PR": [0.537033, 0.664006, 0.650971, 0.806079], "Learning Time": [21.348979711532593, 19.92760968208313, 9.422940731048584, 7.07265305519104], "Inference Time": [1.7028443813323975, 1.3252041339874268, 0.9614217281341553, 0.8484127521514893]}, "0.4": {"CLL": [-0.448113, -0.377486, -0.335757, -0.469532], "AUC ROC": [0.954888, 0.961972, 0.966994, 0.898719], "AUC PR": [0.948304, 0.964585, 0.962708, 0.888652], "Learning Time": [8.254056692123413, 44.893245697021484, 7.716221570968628, 8.012257814407349], "Inference Time": [0.907541036605835, 1.9376604557037354, 0.8874380588531494, 0.8838539123535156]}, "0.6": {"CLL": [-0.417292, -0.375115, -0.430006, -0.424648], "AUC ROC": [0.938811, 0.969633, 0.938224, 0.936677], "AUC PR": [0.927542, 0.966423, 0.922623, 0.93053], "Learning Time": [10.403576850891113, 9.046522855758667, 7.651199102401733, 7.662251234054565], "Inference Time": [1.1051585674285889, 1.057617425918579, 0.8883495330810547, 0.9678559303283691]}, "0.8": {"CLL": [-0.404527, -0.411041, -0.41535, -0.417156], "AUC ROC": [0.969368, 0.966607, 0.940915, 0.949369], "AUC PR": [0.965894, 0.956332, 0.918434, 0.933417], "Learning Time": [11.31640362739563, 11.343630313873291, 8.96206021308899, 9.033027410507202], "Inference Time": [1.1709449291229248, 1.092754602432251, 0.9710123538970947, 1.0348167419433594]}, "1.0": {"CLL": [-0.425242, -0.410039, -0.37405, -0.3831], "AUC ROC": [0.966589, 0.966764, 0.964427, 0.971207], "AUC PR": [0.961038, 0.951899, 0.953675, 0.964504], "Learning Time": [11.231899976730347, 11.195211172103882, 9.727354288101196, 9.414591073989868], "Inference Time": [1.085503101348877, 1.0842127799987793, 1.0733613967895508, 0.9685463905334473]}}}}