{"fasttext": {"cosine": {"0.2": {"CLL": [-0.094637, -0.288823, -0.094637, -0.291256, -0.351601], "AUC ROC": [1.0, 0.918724, 1.0, 0.914836, 0.873544], "AUC PR": [1.0, 0.848048, 1.0, 0.841458, 0.795305], "Learning Time": [3.9063873291015625, 3.8082094192504883, 4.590815305709839, 3.6506683826446533, 3.838535785675049], "Inference Time": [0.6310756206512451, 0.6480493545532227, 0.7469015121459961, 0.577582836151123, 0.6024110317230225]}, "0.4": {"CLL": [-0.094637, -0.094637, -0.094637, -0.297471, -0.094637], "AUC ROC": [1.0, 1.0, 1.0, 0.969437, 1.0], "AUC PR": [1.0, 1.0, 1.0, 0.964938, 1.0], "Learning Time": [4.41884183883667, 4.383469104766846, 5.108060121536255, 4.307039260864258, 4.168121576309204], "Inference Time": [0.6430273056030273, 0.7147722244262695, 0.8121623992919922, 0.6457762718200684, 0.6381804943084717]}, "0.6": {"CLL": [-0.094637, -0.094637, -0.094637, -0.094637, -0.094637], "AUC ROC": [1.0, 1.0, 1.0, 1.0, 1.0], "AUC PR": [1.0, 1.0, 1.0, 1.0, 1.0], "Learning Time": [4.734465837478638, 4.599024534225464, 5.596765756607056, 4.2500319480896, 4.516489505767822], "Inference Time": [0.7199556827545166, 0.743567943572998, 0.8597867488861084, 0.5911538600921631, 0.6945559978485107]}, "0.8": {"CLL": [-0.094637, -0.094637, -0.094637, -0.094637, -0.094637], "AUC ROC": [1.0, 1.0, 1.0, 1.0, 1.0], "AUC PR": [1.0, 1.0, 1.0, 1.0, 1.0], "Learning Time": [4.937047481536865, 4.67003321647644, 6.563375473022461, 4.474116325378418, 4.8779871463775635], "Inference Time": [0.7515232563018799, 0.7324862480163574, 0.908789873123169, 0.7423670291900635, 0.7369475364685059]}, "1.0": {"CLL": [-0.094637, -0.094637, -0.094637, -0.094637, -0.094637], "AUC ROC": [1.0, 1.0, 1.0, 1.0, 1.0], "AUC PR": [1.0, 1.0, 1.0, 1.0, 1.0], "Learning Time": [5.250843286514282, 5.095086574554443, 6.847294092178345, 4.966172933578491, 4.808658599853516], "Inference Time": [0.8115653991699219, 0.7597675323486328, 0.9208900928497314, 0.7062385082244873, 0.7567274570465088]}}, "euclidean": {"0.2": {"CLL": [-0.19153, -0.284714, -0.094637, -0.326445, -0.351601], "AUC ROC": [1.0, 0.918724, 1.0, 0.881306, 0.873544], "AUC PR": [1.0, 0.848048, 1.0, 0.808153, 0.795305], "Learning Time": [4.008892059326172, 3.8900341987609863, 4.502200126647949, 3.692270278930664, 3.931520938873291], "Inference Time": [0.6335997581481934, 0.6560697555541992, 0.7566108703613281, 0.6032137870788574, 0.6239547729492188]}, "0.4": {"CLL": [-0.181645, -0.094637, -0.094637, -0.094637, -0.094637], "AUC ROC": [1.0, 1.0, 1.0, 1.0, 1.0], "AUC PR": [1.0, 1.0, 1.0, 1.0, 1.0], "Learning Time": [4.46768045425415, 4.287707805633545, 5.108550548553467, 4.115507364273071, 4.1866796016693115], "Inference Time": [0.7111191749572754, 0.6954843997955322, 0.8325064182281494, 0.6513028144836426, 0.6169459819793701]}, "0.6": {"CLL": [-0.094637, -0.094637, -0.094637, -0.094637, -0.094637], "AUC ROC": [1.0, 1.0, 1.0, 1.0, 1.0], "AUC PR": [1.0, 1.0, 1.0, 1.0, 1.0], "Learning Time": [4.691177845001221, 4.563611030578613, 5.559983730316162, 4.482448577880859, 5.0440473556518555], "Inference Time": [0.7157061100006104, 0.7290380001068115, 0.8693056106567383, 0.718517541885376, 0.7093698978424072]}, "0.8": {"CLL": [-0.094637, -0.094637, -0.094637, -0.094637, -0.094637], "AUC ROC": [1.0, 1.0, 1.0, 1.0, 1.0], "AUC PR": [1.0, 1.0, 1.0, 1.0, 1.0], "Learning Time": [5.146825790405273, 4.794254541397095, 6.168862581253052, 4.658159971237183, 4.623511075973511], "Inference Time": [0.778414249420166, 0.7399334907531738, 0.8698234558105469, 0.7581567764282227, 0.7039165496826172]}, "1.0": {"CLL": [-0.094637, -0.094637, -0.094637, -0.094637, -0.094637], "AUC ROC": [1.0, 1.0, 1.0, 1.0, 1.0], "AUC PR": [1.0, 1.0, 1.0, 1.0, 1.0], "Learning Time": [5.258338689804077, 5.397259473800659, 6.491216659545898, 4.74188756942749, 4.892155647277832], "Inference Time": [0.7520477771759033, 0.8144638538360596, 0.9377458095550537, 0.728430986404419, 0.7856588363647461]}}, "softcosine": {"0.2": {"CLL": [-0.094637, -0.094637, -0.094637, -0.094637, -0.348071], "AUC ROC": [1.0, 1.0, 1.0, 1.0, 0.883133], "AUC PR": [1.0, 1.0, 1.0, 1.0, 0.812547], "Learning Time": [3.9519660472869873, 3.7925727367401123, 4.577455997467041, 3.9266135692596436, 3.9657986164093018], "Inference Time": [0.6374852657318115, 0.6634488105773926, 0.7418935298919678, 0.633824348449707, 0.6158878803253174]}, "0.4": {"CLL": [-0.094637, -0.094637, -0.094637, -0.094637, -0.094637], "AUC ROC": [1.0, 1.0, 1.0, 1.0, 1.0], "AUC PR": [1.0, 1.0, 1.0, 1.0, 1.0], "Learning Time": [4.45139217376709, 4.378472805023193, 5.039471626281738, 4.186999320983887, 4.1043736934661865], "Inference Time": [0.678931474685669, 0.7162234783172607, 0.7964346408843994, 0.619523286819458, 0.6226339340209961]}, "0.6": {"CLL": [-0.094637, -0.094637, -0.094637, -0.094637, -0.094637], "AUC ROC": [1.0, 1.0, 1.0, 1.0, 1.0], "AUC PR": [1.0, 1.0, 1.0, 1.0, 1.0], "Learning Time": [4.623660326004028, 4.546890735626221, 5.4628095626831055, 4.399637937545776, 4.446080446243286], "Inference Time": [0.6918282508850098, 0.719588041305542, 0.814366340637207, 0.6868429183959961, 0.6952157020568848]}, "0.8": {"CLL": [-0.094637, -0.094637, -0.094637, -0.094637, -0.094637], "AUC ROC": [1.0, 1.0, 1.0, 1.0, 1.0], "AUC PR": [1.0, 1.0, 1.0, 1.0, 1.0], "Learning Time": [4.855467081069946, 4.949014902114868, 5.946519374847412, 4.577315092086792, 4.64924168586731], "Inference Time": [0.7558379173278809, 0.7584378719329834, 0.9065265655517578, 0.7178134918212891, 0.7638499736785889]}, "1.0": {"CLL": [-0.094637, -0.094637, -0.094637, -0.094637, -0.094637], "AUC ROC": [1.0, 1.0, 1.0, 1.0, 1.0], "AUC PR": [1.0, 1.0, 1.0, 1.0, 1.0], "Learning Time": [4.900218486785889, 5.3277153968811035, 6.461345434188843, 4.717059373855591, 4.787190914154053], "Inference Time": [0.7317190170288086, 0.7889411449432373, 0.9537773132324219, 0.7544612884521484, 0.7292239665985107]}}, "wmd": {"0.2": {"CLL": [-0.331459, -0.33857, -0.094637, -0.330918, -0.345817], "AUC ROC": [0.886724, 0.891575, 1.0, 0.881306, 0.878338], "AUC PR": [0.812608, 0.824509, 1.0, 0.808153, 0.804296], "Learning Time": [4.103161334991455, 3.974443197250366, 4.7595086097717285, 3.607588291168213, 3.325770616531372], "Inference Time": [0.6382544040679932, 0.6357095241546631, 0.7504923343658447, 0.5768752098083496, 0.5351758003234863]}, "0.4": {"CLL": [-0.094637, -0.094637, -0.094637, -0.094637, -0.094637], "AUC ROC": [1.0, 1.0, 1.0, 1.0, 1.0], "AUC PR": [1.0, 1.0, 1.0, 1.0, 1.0], "Learning Time": [4.348738431930542, 4.24089241027832, 5.043551921844482, 4.213006258010864, 4.172608852386475], "Inference Time": [0.7304918766021729, 0.7088737487792969, 0.7400822639465332, 0.6716735363006592, 0.6777381896972656]}, "0.6": {"CLL": [-0.094637, -0.094637, -0.094637, -0.094637, -0.094637], "AUC ROC": [1.0, 1.0, 1.0, 1.0, 1.0], "AUC PR": [1.0, 1.0, 1.0, 1.0, 1.0], "Learning Time": [4.630054235458374, 4.587076187133789, 5.763972759246826, 4.616228103637695, 4.533353805541992], "Inference Time": [0.6941378116607666, 0.6894359588623047, 0.9074692726135254, 0.7048134803771973, 0.7180633544921875]}, "0.8": {"CLL": [-0.094637, -0.094637, -0.094637, -0.094637, -0.094637], "AUC ROC": [1.0, 1.0, 1.0, 1.0, 1.0], "AUC PR": [1.0, 1.0, 1.0, 1.0, 1.0], "Learning Time": [4.878152847290039, 4.808706283569336, 6.303251028060913, 4.54074764251709, 5.134422063827515], "Inference Time": [0.7360646724700928, 0.7547953128814697, 0.8627278804779053, 0.733680009841919, 0.7680494785308838]}, "1.0": {"CLL": [-0.094637, -0.094637, -0.094637, -0.094637, -0.094637], "AUC ROC": [1.0, 1.0, 1.0, 1.0, 1.0], "AUC PR": [1.0, 1.0, 1.0, 1.0, 1.0], "Learning Time": [5.324437379837036, 5.084611177444458, 6.253526210784912, 4.9693922996521, 4.904094696044922], "Inference Time": [0.7661716938018799, 0.7790374755859375, 0.9179806709289551, 0.7825760841369629, 0.7781040668487549]}}}}