{"fasttext": {"cosine": {"0.2": {"CLL": [-0.686462, -0.672257, -0.675982], "AUC ROC": [0.562447, 0.607579, 0.6201], "AUC PR": [0.568686, 0.636239, 0.604748], "Learning Time": [12.128679275512695, 6.570552587509155, 10.885549783706665], "Inference Time": [1.5682950019836426, 1.0552828311920166, 1.533203363418579]}, "0.4": {"CLL": [-0.679401, -0.608275, -0.656012], "AUC ROC": [0.578176, 0.733294, 0.665888], "AUC PR": [0.588724, 0.74918, 0.652986], "Learning Time": [22.918590307235718, 9.116326570510864, 9.171985626220703], "Inference Time": [1.8578081130981445, 1.2036020755767822, 1.1421148777008057]}, "0.6": {"CLL": [-0.655075, -0.648163, -0.636898], "AUC ROC": [0.621502, 0.653166, 0.650808], "AUC PR": [0.648217, 0.675859, 0.666126], "Learning Time": [17.203693628311157, 22.233223915100098, 9.964803695678711], "Inference Time": [1.884237289428711, 2.1310341358184814, 1.2634015083312988]}, "0.8": {"CLL": [-0.667574, -0.638971, -0.657156], "AUC ROC": [0.60203, 0.709582, 0.642019], "AUC PR": [0.628162, 0.727889, 0.66501], "Learning Time": [20.734071254730225, 20.034003257751465, 9.63378119468689], "Inference Time": [2.251511812210083, 2.485011100769043, 1.162410020828247]}, "1.0": {"CLL": [-0.653865, -0.619876, -0.632133], "AUC ROC": [0.622574, 0.694522, 0.710827], "AUC PR": [0.654192, 0.70861, 0.726668], "Learning Time": [10.770654439926147, 25.597925186157227, 10.10383152961731], "Inference Time": [1.4343910217285156, 2.433208703994751, 1.374358892440796]}}, "euclidean": {"0.2": {"CLL": [-0.639637, -0.688751, -0.68713], "AUC ROC": [0.673279, 0.58633, 0.583297], "AUC PR": [0.691861, 0.585877, 0.585773], "Learning Time": [6.42933201789856, 6.891553163528442, 6.050657272338867], "Inference Time": [1.0127429962158203, 1.0326542854309082, 1.0574424266815186]}, "0.4": {"CLL": [-0.644005, -0.664233, -0.679606], "AUC ROC": [0.647259, 0.622024, 0.623739], "AUC PR": [0.666492, 0.647012, 0.604922], "Learning Time": [8.14959454536438, 7.771960735321045, 7.979173421859741], "Inference Time": [1.1400151252746582, 1.1422958374023438, 1.153625249862671]}, "0.6": {"CLL": [-0.639143, -0.659588, -0.647611], "AUC ROC": [0.653848, 0.596158, 0.681468], "AUC PR": [0.677512, 0.626383, 0.693518], "Learning Time": [9.246913433074951, 8.123839139938354, 28.20200538635254], "Inference Time": [1.2191879749298096, 1.1995854377746582, 1.2896130084991455]}, "0.8": {"CLL": [-0.618282, -0.61755, -0.617971], "AUC ROC": [0.68598, 0.705203, 0.673301], "AUC PR": [0.708013, 0.726243, 0.694545], "Learning Time": [10.695165395736694, 9.83661675453186, 12.858379602432251], "Inference Time": [1.3501956462860107, 1.3297686576843262, 1.3705675601959229]}, "1.0": {"CLL": [-0.662805, -0.652914, -0.625583], "AUC ROC": [0.597233, 0.670289, 0.720536], "AUC PR": [0.632164, 0.696183, 0.736916], "Learning Time": [9.5750150680542, 9.231876373291016, 11.102556943893433], "Inference Time": [1.267669439315796, 1.2596473693847656, 1.3068881034851074]}}, "softcosine": {"0.2": {"CLL": [-0.64225, -0.662173, -0.708095], "AUC ROC": [0.641504, 0.639721, 0.530921], "AUC PR": [0.644983, 0.615069, 0.532692], "Learning Time": [12.706272840499878, 11.601248741149902, 15.05707049369812], "Inference Time": [1.5633680820465088, 1.5844874382019043, 1.4228553771972656]}, "0.4": {"CLL": [-0.629134, -0.631008, -0.638914], "AUC ROC": [0.699458, 0.677066, 0.680753], "AUC PR": [0.705232, 0.670925, 0.678789], "Learning Time": [15.385411024093628, 16.24451184272766, 32.26484131813049], "Inference Time": [2.1378724575042725, 1.9365570545196533, 1.8596909046173096]}, "0.6": {"CLL": [-0.610972, -0.660186, -0.634852], "AUC ROC": [0.7362, 0.611496, 0.695503], "AUC PR": [0.745185, 0.633893, 0.708662], "Learning Time": [21.644704341888428, 19.134865045547485, 24.115813493728638], "Inference Time": [1.932786464691162, 2.088452100753784, 2.251380443572998]}, "0.8": {"CLL": [-0.619935, -0.601479, -0.669196], "AUC ROC": [0.736703, 0.735199, 0.587008], "AUC PR": [0.746876, 0.747131, 0.619167], "Learning Time": [23.374960899353027, 12.853425025939941, 26.10736656188965], "Inference Time": [2.4106409549713135, 1.355778694152832, 2.397501230239868]}, "1.0": {"CLL": [-0.626802, -0.65864, -0.66076], "AUC ROC": [0.692055, 0.63461, 0.608123], "AUC PR": [0.710137, 0.665275, 0.637738], "Learning Time": [10.624358654022217, 26.39303231239319, 10.726654291152954], "Inference Time": [1.391420602798462, 2.672173500061035, 1.336259365081787]}}, "wmd": {"0.2": {"CLL": [-0.711249, -0.668438, -0.673372], "AUC ROC": [0.5, 0.629424, 0.619155], "AUC PR": [0.5, 0.638738, 0.630489], "Learning Time": [7.334490060806274, 8.099595546722412, 10.06889796257019], "Inference Time": [0.9004349708557129, 1.0368943214416504, 1.143249273300171]}, "0.4": {"CLL": [-0.628903, -0.641469, -0.632804], "AUC ROC": [0.690773, 0.672318, 0.680662], "AUC PR": [0.698752, 0.699278, 0.696539], "Learning Time": [8.861292839050293, 8.857524394989014, 12.983857154846191], "Inference Time": [1.2184879779815674, 1.0715842247009277, 1.2369005680084229]}, "0.6": {"CLL": [-0.642198, -0.657981, -0.671551], "AUC ROC": [0.670221, 0.621534, 0.574913], "AUC PR": [0.693348, 0.634959, 0.609824], "Learning Time": [9.59184980392456, 9.481635093688965, 20.156027793884277], "Inference Time": [1.2583396434783936, 1.2158386707305908, 1.1722207069396973]}, "0.8": {"CLL": [-0.578968, -0.636578, -0.658268], "AUC ROC": [0.739757, 0.697096, 0.62495], "AUC PR": [0.756822, 0.703362, 0.651492], "Learning Time": [14.344107866287231, 10.334945917129517, 43.32011437416077], "Inference Time": [1.4132990837097168, 1.2780115604400635, 2.811774730682373]}, "1.0": {"CLL": [-0.602354, -0.615493, -0.661651], "AUC ROC": [0.735158, 0.721654, 0.627115], "AUC PR": [0.748442, 0.740411, 0.65218], "Learning Time": [18.2424635887146, 16.016034364700317, 10.55014681816101], "Inference Time": [1.7920300960540771, 1.3955070972442627, 1.291177749633789]}}}}