{"fasttext": {"cosine": {"0.2": {"CLL": [-0.226982, -0.227836, -0.217238, -0.25077, -0.288798], "AUC ROC": [0.935897, 0.935484, 0.942308, 0.932031, 0.938144], "AUC PR": [0.886364, 0.885714, 0.896552, 0.878113, 0.889908], "Learning Time": [4.348463535308838, 4.217019319534302, 4.051960468292236, 5.326900243759155, 4.276479959487915], "Inference Time": [0.5356626510620117, 0.4940602779388428, 0.4663698673248291, 0.566704273223877, 0.5737111568450928]}, "0.4": {"CLL": [-0.219976, -0.227836, -0.213747, -0.357126, -0.268942], "AUC ROC": [0.936719, 0.935484, 0.942308, 0.937422, 0.933255], "AUC PR": [0.882715, 0.885714, 0.896552, 0.893653, 0.880057], "Learning Time": [6.093641519546509, 4.6292009353637695, 4.212611675262451, 6.347414970397949, 5.261952638626099], "Inference Time": [0.6608734130859375, 0.583221435546875, 0.5274660587310791, 0.6004173755645752, 0.5910987854003906]}, "0.6": {"CLL": [-0.217846, -0.227836, -0.243561, -0.265771, -0.289008], "AUC ROC": [0.936719, 0.935484, 0.942308, 0.942422, 0.939898], "AUC PR": [0.882715, 0.885714, 0.896552, 0.914731, 0.893083], "Learning Time": [6.855289459228516, 4.368855953216553, 4.117239713668823, 7.802386283874512, 6.014756679534912], "Inference Time": [0.6113491058349609, 0.5284175872802734, 0.4940207004547119, 0.6333839893341064, 0.5546450614929199]}, "0.8": {"CLL": [-0.21818, -0.237734, -0.250196, -0.23856, -0.228439], "AUC ROC": [0.945102, 0.944907, 0.935836, 0.945234, 0.938995], "AUC PR": [0.901155, 0.914542, 0.884537, 0.906688, 0.886437], "Learning Time": [7.319575071334839, 6.011761426925659, 5.139752626419067, 9.935875654220581, 6.286343097686768], "Inference Time": [0.7298641204833984, 0.5913832187652588, 0.5081892013549805, 0.7471945285797119, 0.5535714626312256]}, "1.0": {"CLL": [-0.209627, -0.247882, -0.270536, -0.236882, -0.254611], "AUC ROC": [0.964415, 0.963175, 0.930936, 0.946484, 0.937347], "AUC PR": [0.938831, 0.93149, 0.882789, 0.919846, 0.884816], "Learning Time": [8.025035381317139, 7.784061431884766, 5.365863800048828, 9.529114007949829, 7.502267837524414], "Inference Time": [0.7087507247924805, 0.6254141330718994, 0.553302526473999, 0.6982147693634033, 0.5606355667114258]}}, "euclidean": {"0.2": {"CLL": [-0.453929, -0.668753, -0.578705, -0.325551, -0.267479], "AUC ROC": [0.878287, 0.775234, 0.942308, 0.946484, 0.938144], "AUC PR": [0.847844, 0.765325, 0.896552, 0.907746, 0.889908], "Learning Time": [4.070732355117798, 3.1463332176208496, 2.5395195484161377, 4.132288455963135, 3.2485897541046143], "Inference Time": [0.546201229095459, 0.5118634700775146, 0.5181179046630859, 0.5651850700378418, 0.5102436542510986]}, "0.4": {"CLL": [-0.218814, -0.255503, -0.474522, -0.213451, -0.277527], "AUC ROC": [0.964826, 0.938606, 0.942308, 0.958828, 0.933255], "AUC PR": [0.947969, 0.882649, 0.896552, 0.934356, 0.880057], "Learning Time": [5.265928506851196, 3.956247568130493, 2.6704816818237305, 5.5021281242370605, 3.7551167011260986], "Inference Time": [0.6130385398864746, 0.5133657455444336, 0.5512874126434326, 0.6400125026702881, 0.5725445747375488]}, "0.6": {"CLL": [-0.220644, -0.244487, -0.46289, -0.209124, -0.251461], "AUC ROC": [0.954471, 0.954619, 0.939904, 0.970156, 0.931077], "AUC PR": [0.928428, 0.922967, 0.890545, 0.957091, 0.875265], "Learning Time": [5.854885816574097, 4.6346116065979, 3.2585666179656982, 6.77018404006958, 4.602943658828735], "Inference Time": [0.6581618785858154, 0.5515050888061523, 0.4975268840789795, 0.6496107578277588, 0.6263203620910645]}, "0.8": {"CLL": [-0.221066, -0.232314, -0.324999, -0.219764, -0.249279], "AUC ROC": [0.957922, 0.959649, 0.894323, 0.956953, 0.930758], "AUC PR": [0.924826, 0.926774, 0.840273, 0.935237, 0.873466], "Learning Time": [5.914578914642334, 7.17444372177124, 3.8596885204315186, 7.317626953125, 5.005868673324585], "Inference Time": [0.6906652450561523, 1.245375633239746, 0.5050203800201416, 0.71368408203125, 0.5904586315155029]}, "1.0": {"CLL": [-0.21294, -0.231715, -0.318257, -0.235603, -0.249936], "AUC ROC": [0.963182, 0.955949, 0.904586, 0.935234, 0.930758], "AUC PR": [0.934586, 0.925059, 0.858866, 0.889192, 0.873466], "Learning Time": [6.573925971984863, 7.8420703411102295, 4.2773284912109375, 8.44516921043396, 5.022598028182983], "Inference Time": [0.6924633979797363, 0.6768960952758789, 0.5653259754180908, 0.7155458927154541, 0.5596625804901123]}}, "softcosine": {"0.2": {"CLL": [-0.240257, -0.227836, -0.242725, -0.223673, -0.222343], "AUC ROC": [0.962114, 0.935484, 0.942308, 0.9375, 0.938144], "AUC PR": [0.945063, 0.885714, 0.896552, 0.888889, 0.889908], "Learning Time": [3.998991012573242, 2.7747907638549805, 2.557067632675171, 2.922710418701172, 2.8057191371917725], "Inference Time": [0.6289973258972168, 0.5305733680725098, 0.4870796203613281, 0.6270713806152344, 0.508497953414917]}, "0.4": {"CLL": [-0.256271, -0.231474, -0.213747, -0.238071, -0.228485], "AUC ROC": [0.964004, 0.963175, 0.942308, 0.938359, 0.939048], "AUC PR": [0.951891, 0.947571, 0.896552, 0.898156, 0.886007], "Learning Time": [5.380820274353027, 3.9137420654296875, 2.5745837688446045, 4.755549669265747, 3.625251531600952], "Inference Time": [0.6530487537384033, 0.5263597965240479, 0.47874879837036133, 0.6097185611724854, 0.5302293300628662]}, "0.6": {"CLL": [-0.240418, -0.259983, -0.213747, -0.229203, -0.278268], "AUC ROC": [0.958087, 0.956238, 0.942308, 0.944375, 0.929536], "AUC PR": [0.941708, 0.918832, 0.896552, 0.92237, 0.86794], "Learning Time": [6.264287710189819, 4.606136322021484, 2.67988920211792, 8.469856023788452, 4.313984632492065], "Inference Time": [0.7017350196838379, 0.5761566162109375, 0.5042283535003662, 0.6942927837371826, 0.5238213539123535]}, "0.8": {"CLL": [-0.222388, -0.248424, -0.213747, -0.266173, -0.279981], "AUC ROC": [0.961949, 0.956353, 0.942308, 0.941172, 0.929536], "AUC PR": [0.931324, 0.930405, 0.896552, 0.902391, 0.86794], "Learning Time": [6.725193500518799, 6.061422348022461, 2.807162284851074, 7.6246607303619385, 4.577288627624512], "Inference Time": [0.7413644790649414, 0.6486935615539551, 0.5145523548126221, 0.699469804763794, 0.5783703327178955]}, "1.0": {"CLL": [-0.211055, -0.247882, -0.270536, -0.237343, -0.254611], "AUC ROC": [0.962278, 0.963175, 0.930936, 0.944766, 0.937347], "AUC PR": [0.937293, 0.93149, 0.882789, 0.917919, 0.884816], "Learning Time": [6.441498041152954, 6.3487389087677, 4.057504177093506, 8.126080989837646, 6.087947130203247], "Inference Time": [0.6733701229095459, 0.666104793548584, 0.5654668807983398, 0.6697216033935547, 0.6240429878234863]}}, "wmd": {"0.2": {"CLL": [-0.3177, -0.462386, -0.460334, -0.313127, -0.269625], "AUC ROC": [0.940828, 0.935484, 0.942308, 0.947422, 0.938144], "AUC PR": [0.905448, 0.885714, 0.896552, 0.919111, 0.889908], "Learning Time": [4.42455792427063, 2.863226890563965, 2.8073809146881104, 3.4976255893707275, 3.329437494277954], "Inference Time": [0.5755407810211182, 0.5051279067993164, 0.43409013748168945, 0.5102448463439941, 0.5492489337921143]}, "0.4": {"CLL": [-0.293822, -0.298059, -0.4374, -0.262764, -0.322585], "AUC ROC": [0.927844, 0.929356, 0.942308, 0.9375, 0.933309], "AUC PR": [0.903861, 0.878123, 0.896552, 0.888889, 0.880206], "Learning Time": [5.940061569213867, 4.060433387756348, 2.5367183685302734, 3.904522657394409, 4.12654447555542], "Inference Time": [0.6056704521179199, 0.5148475170135498, 0.4515061378479004, 0.5507817268371582, 0.6292908191680908]}, "0.6": {"CLL": [-0.235394, -0.262793, -0.312107, -0.223673, -0.329873], "AUC ROC": [0.94502, 0.956931, 0.91924, 0.9375, 0.933149], "AUC PR": [0.904617, 0.9239, 0.879975, 0.888889, 0.879985], "Learning Time": [6.242374420166016, 4.965514421463013, 3.4991588592529297, 4.273509502410889, 4.476045370101929], "Inference Time": [0.7611691951751709, 0.5561325550079346, 0.4858274459838867, 0.6498301029205322, 0.5491504669189453]}, "0.8": {"CLL": [-0.221804, -0.234768, -0.31455, -0.226164, -0.321332], "AUC ROC": [0.962278, 0.959302, 0.91605, 0.955938, 0.933255],