{"fasttext": {"cosine": {"0.2": {"CLL": [-0.701068, -0.705984, -0.700618, -0.688346, -0.576409], "AUC ROC": [0.544062, 0.46389, 0.554428, 0.529375, 0.835409], "AUC PR": [0.56039, 0.477742, 0.573332, 0.539481, 0.810019], "Learning Time": [22.118916749954224, 17.245461463928223, 11.144746541976929, 30.650890350341797, 23.967137336730957], "Inference Time": [1.4369821548461914, 1.200544834136963, 1.0331909656524658, 1.4101653099060059, 1.6355257034301758]}, "0.4": {"CLL": [-0.694423, -0.73177, -0.556361, -0.690362, -0.691319], "AUC ROC": [0.550186, 0.498497, 0.830001, 0.545601, 0.546893], "AUC PR": [0.570858, 0.493886, 0.793837, 0.561168, 0.566352], "Learning Time": [31.680229663848877, 35.957069635391235, 25.851577043533325, 45.65791392326355, 26.678385496139526], "Inference Time": [1.7976953983306885, 1.3766498565673828, 1.663858413696289, 2.4234273433685303, 1.5161597728729248]}, "0.6": {"CLL": [-0.691704, -0.710848, -0.452871, -0.686361, -0.690597], "AUC ROC": [0.556945, 0.543487, 0.856398, 0.553372, 0.542829], "AUC PR": [0.580064, 0.518085, 0.809364, 0.570365, 0.565481], "Learning Time": [40.87963652610779, 68.70419955253601, 60.532925605773926, 49.59964609146118, 36.10403513908386], "Inference Time": [1.95640230178833, 1.5835883617401123, 1.9360404014587402, 1.7613255977630615, 1.7591538429260254]}, "0.8": {"CLL": [-0.69421, -0.713558, -0.492876, -0.684088, -0.691744], "AUC ROC": [0.556787, 0.546037, 0.848455, 0.560622, 0.542612], "AUC PR": [0.580592, 0.526926, 0.810148, 0.57746, 0.561884], "Learning Time": [55.73102593421936, 90.02706098556519, 60.04729604721069, 68.40009117126465, 34.49956464767456], "Inference Time": [2.537696123123169, 1.773212194442749, 1.9447638988494873, 1.794175624847412, 1.840073585510254]}, "1.0": {"CLL": [-0.692402, -0.705782, -0.557877, -0.684854, -0.690448], "AUC ROC": [0.563968, 0.555018, 0.82879, 0.568084, 0.542606], "AUC PR": [0.580795, 0.528622, 0.790171, 0.588925, 0.565063], "Learning Time": [49.80791473388672, 60.40113091468811, 49.441649436950684, 92.30801773071289, 42.209914207458496], "Inference Time": [2.6882057189941406, 2.1388044357299805, 2.2005345821380615, 2.0625133514404297, 2.292991876602173]}}, "euclidean": {"0.2": {"CLL": [-0.542815, -0.734869, -0.449459, -0.688875, -0.696473], "AUC ROC": [0.801655, 0.499654, 0.858753, 0.55683, 0.532132], "AUC PR": [0.721582, 0.482559, 0.810637, 0.570252, 0.540998], "Learning Time": [27.098483085632324, 26.118901252746582, 26.544491052627563, 27.480953216552734, 13.666107654571533], "Inference Time": [1.6313130855560303, 1.1448965072631836, 1.4540221691131592, 1.5862236022949219, 1.3317127227783203]}, "0.4": {"CLL": [-0.698122, -0.700394, -0.693855, -0.685669, -0.691828], "AUC ROC": [0.561694, 0.55069, 0.553603, 0.56607, 0.538172], "AUC PR": [0.582402, 0.525064, 0.575538, 0.586414, 0.565589], "Learning Time": [26.329596519470215, 34.06710147857666, 17.676241159439087, 40.318126916885376, 29.627959489822388], "Inference Time": [1.6341464519500732, 1.413191318511963, 1.4908885955810547, 1.33585524559021, 1.7416186332702637]}, "0.6": {"CLL": [-0.695774, -0.702749, -0.560007, -0.684635, -0.691623], "AUC ROC": [0.562432, 0.549953, 0.830502, 0.565515, 0.542739], "AUC PR": [0.581752, 0.524311, 0.797041, 0.585351, 0.564604], "Learning Time": [37.529070138931274, 60.856558322906494, 31.39432644844055, 53.55363464355469, 35.09445095062256], "Inference Time": [1.9371116161346436, 1.6580915451049805, 1.7356133460998535, 1.697728157043457, 1.7725625038146973]}, "0.8": {"CLL": [-0.694243, -0.708257, -0.49049, -0.684686, -0.688949], "AUC ROC": [0.555622, 0.548474, 0.848393, 0.565443, 0.54305], "AUC PR": [0.574047, 0.528917, 0.804677, 0.579435, 0.565168], "Learning Time": [42.16033148765564, 84.43492412567139, 62.15018939971924, 61.812265396118164, 48.43508505821228], "Inference Time": [1.4813148975372314, 1.8747074604034424, 2.2999000549316406, 1.8326842784881592, 2.221256971359253]}, "1.0": {"CLL": [-0.692794, -0.706233, -0.45107, -0.68326, -0.689917], "AUC ROC": [0.563139, 0.554746, 0.85655, 0.57853, 0.543079], "AUC PR": [0.580841, 0.528783, 0.81142, 0.589386, 0.565758], "Learning Time": [52.12431859970093, 61.10041093826294, 95.70059061050415, 67.05742359161377, 51.81718873977661], "Inference Time": [2.6461400985717773, 1.9869577884674072, 2.739763021469116, 2.1153879165649414, 2.1778762340545654]}}, "softcosine": {"0.2": {"CLL": [-0.693712, -0.704168, -0.409259, -0.693747, -0.684383], "AUC ROC": [0.563209, 0.541628, 0.864138, 0.545789, 0.548005], "AUC PR": [0.579945, 0.518894, 0.811388, 0.557554, 0.570725], "Learning Time": [18.52487277984619, 37.123892068862915, 41.60654020309448, 34.471944093704224, 21.11377263069153], "Inference Time": [1.567094326019287, 1.7733993530273438, 1.7804760932922363, 1.3315551280975342, 1.298691987991333]}, "0.4": {"CLL": [-0.688864, -0.72465, -0.697653, -0.68457, -0.684607], "AUC ROC": [0.557289, 0.507875, 0.564601, 0.55792, 0.55182], "AUC PR": [0.572495, 0.50688, 0.584783, 0.575022, 0.575465], "Learning Time": [21.883148193359375, 74.71135473251343, 31.04004693031311, 39.14764428138733, 30.149214029312134], "Inference Time": [1.2863795757293701, 3.0121006965637207, 2.0209734439849854, 1.4671671390533447, 1.5032703876495361]}, "0.6": {"CLL": [-0.688204, -0.715409, -0.694144, -0.683259, -0.690304], "AUC ROC": [0.556031, 0.510713, 0.5648, 0.574098, 0.542882], "AUC PR": [0.572029, 0.497783, 0.581912, 0.584724, 0.564428], "Learning Time": [29.432037591934204, 38.37224578857422, 36.940446615219116, 55.023613929748535, 34.38448119163513], "Inference Time": [1.2613472938537598, 1.7126705646514893, 2.111769199371338, 1.9368534088134766, 1.9855263233184814]}, "0.8": {"CLL": [-0.693952, -0.708324, -0.447366, -0.686831, -0.692488], "AUC ROC": [0.566158, 0.553573, 0.863455, 0.561758, 0.543149], "AUC PR": [0.584316, 0.525976, 0.819688, 0.571237, 0.563171], "Learning Time": [43.15837001800537, 58.46290612220764, 81.95592665672302, 64.06804203987122, 35.813918352127075], "Inference Time": [2.1187140941619873, 2.020357847213745, 2.509352684020996, 1.9518256187438965, 2.0417606830596924]}, "1.0": {"CLL": [-0.692322, -0.705757, -0.450158, -0.687002, -0.689311], "AUC ROC": [0.563106, 0.555123, 0.860535, 0.56976, 0.543084], "AUC PR": [0.580621, 0.529119, 0.813005, 0.579493, 0.56576], "Learning Time": [54.99347400665283, 57.656853675842285, 93.68627786636353, 75.20704317092896, 44.87426829338074], "Inference Time": [2.5182018280029297, 1.9654717445373535, 2.7302658557891846, 2.2217562198638916, 1.916869878768921]}}, "wmd": {"0.2": {"CLL": [-0.699979, -0.705001, -0.489774, -0.691337, -0.715123], "AUC ROC": [0.535162, 0.5437, 0.849914, 0.549769, 0.53323], "AUC PR": [0.546409, 0.518753, 0.81405, 0.558746, 0.557412], "Learning Time": [15.507442712783813, 16.441612720489502, 22.026276111602783, 27.767719268798828, 16.96535587310791], "Inference Time": [1.091374397277832, 1.3252696990966797, 1.463665246963501, 1.3494651317596436, 1.3602631092071533]}, "0.4": {"CLL": [-0.696707, -0.714476, -0.565478, -0.690035, -0.713513], "AUC ROC": [0.508853, 0.505056, 0.831715, 0.549661, 0.537706], "AUC PR": [0.524595, 0.49304, 0.802146, 0.569619, 0.565897], "Learning Time": [26.24069094657898, 31.551438331604004, 26.676905632019043, 51.7612464427948, 26.268447875976562], "Inference Time": [1.1706898212432861, 1.4376981258392334, 1.645261287689209, 1.8749380111694336, 1.963679552078247]}, "0.6": {"CLL": [-0.697961, -0.719366, -0.559191, -0.68671, -0.693653], "AUC ROC": [0.5408, 0.502534, 0.830905, 0.561478, 0.541286], "AUC PR": [0.558616, 0.492483, 0.797446, 0.580234, 0.561245], "Learning Time": [42.92581582069397, 69.35603380203247, 32.588024377822876, 51.20267868041992, 29.699589252471924], "Inference Time": [1.977644443511963, 1.6968188285827637, 1.7081029415130615, 1.6699957847595215, 2.079416036605835]}, "0.8": {"CLL": [-0.686502, -0.708267, -0.48274, -0.685747, -0.691635], "AUC ROC": [0.563021, 0.55138, 0.863055, 0.57309, 0.541677],