{"fasttext": {"cosine": {"0.2": {"CLL": [-0.384003, -0.417083, -0.426247], "AUC ROC": [0.903646, 0.874778, 0.877233], "AUC PR": [0.873601, 0.824746, 0.819824], "Learning Time": [39.736584186553955, 111.07669353485107, 108.60264110565186], "Inference Time": [1.2701733112335205, 1.7573659420013428, 1.7573702335357666]}, "0.4": {"CLL": [-0.367487, -0.347321, -0.370684], "AUC ROC": [0.914457, 0.931947, 0.922798], "AUC PR": [0.86458, 0.93419, 0.907976], "Learning Time": [97.93329787254333, 254.94016933441162, 253.52630281448364], "Inference Time": [1.8709888458251953, 2.806689739227295, 2.8155810832977295]}, "0.6": {"CLL": [-0.354831, -0.320988, -0.347367], "AUC ROC": [0.928023, 0.946561, 0.926699], "AUC PR": [0.904738, 0.949788, 0.922028], "Learning Time": [261.7648675441742, 375.49581241607666, 294.50730061531067], "Inference Time": [2.9608154296875, 2.8438093662261963, 4.323458909988403]}, "0.8": {"CLL": [-0.346533, -0.339197, -0.322879], "AUC ROC": [0.94189, 0.935269, 0.942556], "AUC PR": [0.940854, 0.934403, 0.947407], "Learning Time": [241.8736228942871, 428.2786056995392, 336.29257130622864], "Inference Time": [2.5747666358947754, 4.27379035949707, 3.098613977432251]}, "1.0": {"CLL": [-0.340346, -0.309023, -0.315298], "AUC ROC": [0.942321, 0.958183, 0.948951], "AUC PR": [0.936885, 0.958248, 0.952206], "Learning Time": [410.09387397766113, 374.1547300815582, 478.5372004508972], "Inference Time": [3.29866623878479, 4.30925726890564, 3.7062385082244873]}}, "euclidean": {"0.2": {"CLL": [-0.467256, -0.340159, -0.408209], "AUC ROC": [0.855659, 0.921179, 0.88878], "AUC PR": [0.790124, 0.899515, 0.831137], "Learning Time": [253.62181735038757, 78.09957480430603, 363.9078788757324], "Inference Time": [1.7364039421081543, 1.7602527141571045, 2.0387122631073]}, "0.4": {"CLL": [-0.431244, -0.339198, -0.342735], "AUC ROC": [0.876105, 0.923898, 0.928296], "AUC PR": [0.837266, 0.904894, 0.921086], "Learning Time": [149.52668619155884, 64.0940043926239, 162.97686052322388], "Inference Time": [1.9554121494293213, 1.9409093856811523, 2.0197253227233887]}, "0.6": {"CLL": [-0.372293, -0.32557, -0.356034], "AUC ROC": [0.907132, 0.948864, 0.919957], "AUC PR": [0.906826, 0.943575, 0.917847], "Learning Time": [244.6171178817749, 146.61102175712585, 243.07724046707153], "Inference Time": [2.6275665760040283, 2.5869061946868896, 2.462320566177368]}, "0.8": {"CLL": [-0.365642, -0.303661, -0.353576], "AUC ROC": [0.913209, 0.95423, 0.92814], "AUC PR": [0.904079, 0.954766, 0.916423], "Learning Time": [343.90233302116394, 328.7834937572479, 805.9888997077942], "Inference Time": [2.7613024711608887, 3.2612595558166504, 4.034825086593628]}, "1.0": {"CLL": [-0.341532, -0.314895, -0.316547], "AUC ROC": [0.942005, 0.951504, 0.951206], "AUC PR": [0.937438, 0.95167, 0.952749], "Learning Time": [371.104439496994, 440.16365671157837, 354.8424074649811], "Inference Time": [3.5097343921661377, 5.293018341064453, 3.617793321609497]}}, "softcosine": {"0.2": {"CLL": [-0.423897, -0.484774, -0.44291], "AUC ROC": [0.892906, 0.856226, 0.842748], "AUC PR": [0.883643, 0.854355, 0.769904], "Learning Time": [115.99329423904419, 161.34973669052124, 81.19468331336975], "Inference Time": [1.8158442974090576, 1.6562347412109375, 1.7698185443878174]}, "0.4": {"CLL": [-0.355556, -0.413138, -0.344559], "AUC ROC": [0.925003, 0.888631, 0.935313], "AUC PR": [0.911307, 0.87855, 0.919149], "Learning Time": [162.30257391929626, 174.6687958240509, 137.69745683670044], "Inference Time": [2.232525110244751, 2.1659560203552246, 1.8907220363616943]}, "0.6": {"CLL": [-0.350829, -0.346171, -0.352411], "AUC ROC": [0.928848, 0.921581, 0.928684], "AUC PR": [0.925503, 0.917256, 0.911813], "Learning Time": [323.50750827789307, 300.95769739151, 184.90844869613647], "Inference Time": [2.7517616748809814, 3.2846086025238037, 2.595792770385742]}, "0.8": {"CLL": [-0.347698, -0.347702, -0.317925], "AUC ROC": [0.934178, 0.928346, 0.947093], "AUC PR": [0.923734, 0.923821, 0.94852], "Learning Time": [382.53931188583374, 339.4181561470032, 427.3007879257202], "Inference Time": [2.9362406730651855, 4.16821813583374, 3.322366952896118]}, "1.0": {"CLL": [-0.344922, -0.312845, -0.32125], "AUC ROC": [0.939509, 0.951841, 0.946704], "AUC PR": [0.932089, 0.951915, 0.948544], "Learning Time": [390.12231040000916, 466.3396809101105, 499.31774854660034], "Inference Time": [3.1163852214813232, 4.844470977783203, 3.613149404525757]}}, "wmd": {"0.2": {"CLL": [-0.408122, -0.418334, -0.415483], "AUC ROC": [0.882282, 0.893416, 0.892207], "AUC PR": [0.852491, 0.876416, 0.865648], "Learning Time": [213.29691433906555, 58.41545128822327, 122.15798330307007], "Inference Time": [2.040302276611328, 1.68031907081604, 1.8020820617675781]}, "0.4": {"CLL": [-0.391937, -0.384312, -0.337021], "AUC ROC": [0.900798, 0.918173, 0.93609], "AUC PR": [0.869463, 0.922033, 0.926897], "Learning Time": [447.16526222229004, 166.90693855285645, 299.20052671432495], "Inference Time": [3.48030686378479, 2.251190662384033, 3.1931090354919434]}, "0.6": {"CLL": [-0.335844, -0.358035, -0.353769], "AUC ROC": [0.941439, 0.917076, 0.92166], "AUC PR": [0.931729, 0.88482, 0.899175], "Learning Time": [436.05572724342346, 349.3529670238495, 538.2945036888123], "Inference Time": [3.6609809398651123, 4.6468822956085205, 4.334614992141724]}, "0.8": {"CLL": [-0.354308, -0.319535, -0.309713], "AUC ROC": [0.937672, 0.941568, 0.950803], "AUC PR": [0.93129, 0.939456, 0.952332], "Learning Time": [261.1123764514923, 422.9817795753479, 318.5346562862396], "Inference Time": [2.7648017406463623, 4.175797700881958, 3.4793591499328613]}, "1.0": {"CLL": [-0.350386, -0.320329, -0.308397], "AUC ROC": [0.940865, 0.950822, 0.954788], "AUC PR": [0.929347, 0.952954, 0.95156], "Learning Time": [360.8293445110321, 491.2859880924225, 462.42844676971436], "Inference Time": [3.1855263710021973, 5.970463275909424, 4.267503023147583]}}}}