{"fasttext": {"cosine": {"0.2": {"CLL": [-0.443278, -0.398565, -0.455433], "AUC ROC": [0.885869, 0.929594, 0.904171], "AUC PR": [0.865364, 0.905922, 0.875244], "Learning Time": [61.68491578102112, 91.92727279663086, 64.23921203613281], "Inference Time": [2.1828439235687256, 3.296581745147705, 2.157452344894409]}, "0.4": {"CLL": [-0.444204, -0.422137, -0.434452], "AUC ROC": [0.893961, 0.917083, 0.911499], "AUC PR": [0.880273, 0.899839, 0.879617], "Learning Time": [126.40095782279968, 95.78467321395874, 51.98038053512573], "Inference Time": [4.503169536590576, 4.094644069671631, 2.5006766319274902]}, "0.6": {"CLL": [-0.438768, -0.415687, -0.424118], "AUC ROC": [0.898617, 0.930348, 0.910608], "AUC PR": [0.881959, 0.908466, 0.883657], "Learning Time": [152.38001108169556, 144.35469484329224, 99.52744054794312], "Inference Time": [6.506180763244629, 5.020020008087158, 4.2437028884887695]}, "0.8": {"CLL": [-0.435952, -0.429196, -0.424515], "AUC ROC": [0.895862, 0.916215, 0.90757], "AUC PR": [0.877651, 0.892504, 0.877529], "Learning Time": [199.88281440734863, 130.49794912338257, 127.49122881889343], "Inference Time": [8.074112176895142, 6.213880300521851, 4.482527494430542]}, "1.0": {"CLL": [-0.435812, -0.428334, -0.425688], "AUC ROC": [0.894341, 0.912821, 0.911117], "AUC PR": [0.869303, 0.896139, 0.897324], "Learning Time": [247.497971534729, 203.48643493652344, 145.96368169784546], "Inference Time": [9.605858087539673, 7.70970892906189, 6.220586776733398]}}, "euclidean": {"0.2": {"CLL": [-0.439785, -0.417569, -0.439468], "AUC ROC": [0.909794, 0.910483, 0.859849], "AUC PR": [0.886727, 0.887147, 0.835262], "Learning Time": [150.22333931922913, 120.98995995521545, 74.31129288673401], "Inference Time": [4.7994866371154785, 3.9463083744049072, 2.2409732341766357]}, "0.4": {"CLL": [-0.411391, -0.392996, -0.40247], "AUC ROC": [0.904851, 0.927937, 0.91128], "AUC PR": [0.869436, 0.898392, 0.879282], "Learning Time": [227.24610996246338, 190.9604926109314, 160.06967210769653], "Inference Time": [9.124173879623413, 6.421554327011108, 6.171715021133423]}, "0.6": {"CLL": [-0.414884, -0.406059, -0.408436], "AUC ROC": [0.905619, 0.936754, 0.916905], "AUC PR": [0.881093, 0.918769, 0.894287], "Learning Time": [292.37737488746643, 246.84774899482727, 240.36613130569458], "Inference Time": [10.986769437789917, 9.305052042007446, 9.724118947982788]}, "0.8": {"CLL": [-0.41831, -0.410519, -0.413681], "AUC ROC": [0.902089, 0.931653, 0.910276], "AUC PR": [0.878596, 0.907686, 0.874742], "Learning Time": [387.50557255744934, 294.37585735321045, 311.4701290130615], "Inference Time": [15.570080757141113, 12.42692494392395, 12.582704067230225]}, "1.0": {"CLL": [-0.418449, -0.410036, -0.411336], "AUC ROC": [0.908115, 0.932679, 0.909442], "AUC PR": [0.887785, 0.909137, 0.874672], "Learning Time": [483.3305404186249, 370.63858819007874, 309.8093764781952], "Inference Time": [18.144205331802368, 16.37096929550171, 13.425775289535522]}}, "softcosine": {"0.2": {"CLL": [-0.432227, -0.383313, -0.417139], "AUC ROC": [0.879599, 0.92138, 0.896737], "AUC PR": [0.852113, 0.903798, 0.878794], "Learning Time": [97.88016247749329, 79.09763383865356, 71.15770149230957], "Inference Time": [3.0604088306427, 2.452298402786255, 2.2425994873046875]}, "0.4": {"CLL": [-0.434155, -0.398912, -0.419146], "AUC ROC": [0.894886, 0.922973, 0.914566], "AUC PR": [0.866632, 0.899582, 0.903935], "Learning Time": [113.84676575660706, 88.71330833435059, 77.29807305335999], "Inference Time": [4.89120626449585, 3.777169704437256, 2.4949114322662354]}, "0.6": {"CLL": [-0.436433, -0.417328, -0.419714], "AUC ROC": [0.884441, 0.917463, 0.910947], "AUC PR": [0.852112, 0.897321, 0.897205], "Learning Time": [167.48841261863708, 122.75323271751404, 115.37895655632019], "Inference Time": [6.004032850265503, 4.951235294342041, 4.235087871551514]}, "0.8": {"CLL": [-0.435446, -0.423317, -0.427803], "AUC ROC": [0.892921, 0.912793, 0.912834], "AUC PR": [0.869213, 0.896092, 0.902345], "Learning Time": [182.75583815574646, 149.75927424430847, 136.31107807159424], "Inference Time": [7.862631559371948, 6.305577278137207, 5.448850631713867]}, "1.0": {"CLL": [-0.435812, -0.428334, -0.423415], "AUC ROC": [0.894341, 0.912821, 0.913195], "AUC PR": [0.869303, 0.896139, 0.902301], "Learning Time": [245.30759572982788, 207.18550872802734, 156.73586106300354], "Inference Time": [9.389594078063965, 7.88254714012146, 6.445647239685059]}}, "wmd": {"0.2": {"CLL": [-0.447112, -0.454723, -0.415011], "AUC ROC": [0.884814, 0.911968, 0.906079], "AUC PR": [0.871302, 0.881521, 0.874451], "Learning Time": [49.53099322319031, 80.71189618110657, 95.76103973388672], "Inference Time": [2.201448440551758, 2.592940330505371, 3.055600166320801]}, "0.4": {"CLL": [-0.427878, -0.425263, -0.4314], "AUC ROC": [0.897677, 0.922485, 0.910566], "AUC PR": [0.867794, 0.909519, 0.899091], "Learning Time": [107.52714228630066, 113.55305123329163, 110.83841061592102], "Inference Time": [4.393748760223389, 3.835157871246338, 3.8160064220428467]}, "0.6": {"CLL": [-0.434456, -0.431017, -0.417392], "AUC ROC": [0.892289, 0.900396, 0.910121], "AUC PR": [0.867371, 0.877837, 0.885359], "Learning Time": [160.58286356925964, 142.64592123031616, 110.3681993484497], "Inference Time": [6.090832948684692, 4.953001499176025, 4.4001686573028564]}, "0.8": {"CLL": [-0.433968, -0.422021, -0.415297], "AUC ROC": [0.895102, 0.916186, 0.911223], "AUC PR": [0.869772, 0.894357, 0.900659], "Learning Time": [181.95389437675476, 197.6601026058197, 128.14469981193542], "Inference Time": [7.490289926528931, 7.2582032680511475, 4.917506217956543]}, "1.0": {"CLL": [-0.435812, -0.428334, -0.41801], "AUC ROC": [0.894341, 0.912821, 0.910425], "AUC PR": [0.869303, 0.896139, 0.896132], "Learning Time": [230.35631108283997, 200.58236837387085, 137.94880390167236], "Inference Time": [9.655214309692383, 7.788683891296387, 5.56620454788208]}}}}