{"fasttext": {"cosine": {"0.2": {"CLL": [-0.163358, -0.288988, -0.094637, -0.187115, -0.284554], "AUC ROC": [1.0, 0.905864, 1.0, 1.0, 0.908012], "AUC PR": [1.0, 0.841558, 1.0, 1.0, 0.844612], "Learning Time": [4.031824111938477, 3.4135541915893555, 4.731277704238892, 4.247605562210083, 3.2636804580688477], "Inference Time": [0.6523876190185547, 0.5977380275726318, 0.7324037551879883, 0.5549666881561279, 0.526909589767456]}, "0.4": {"CLL": [-0.209663, -0.276645, -0.094637, -0.094637, -0.185075], "AUC ROC": [1.0, 0.91821, 1.0, 1.0, 1.0], "AUC PR": [1.0, 0.859416, 1.0, 1.0, 1.0], "Learning Time": [4.724009037017822, 3.941641330718994, 5.681007623672485, 4.065617322921753, 4.39349627494812], "Inference Time": [0.6576995849609375, 0.629429817199707, 0.8647866249084473, 0.6657304763793945, 0.6353788375854492]}, "0.6": {"CLL": [-0.278065, -0.276645, -0.094637, -0.094637, -0.218613], "AUC ROC": [0.910563, 0.91821, 1.0, 1.0, 1.0], "AUC PR": [0.843913, 0.859416, 1.0, 1.0, 1.0], "Learning Time": [4.588332653045654, 4.339591979980469, 9.426893711090088, 4.296800851821899, 4.715074062347412], "Inference Time": [0.6999177932739258, 0.6799018383026123, 1.2782292366027832, 0.7000651359558105, 0.6953949928283691]}, "0.8": {"CLL": [-0.27796, -0.253621, -0.094637, -0.094637, -0.230738], "AUC ROC": [0.910563, 0.962849, 1.0, 1.0, 1.0], "AUC PR": [0.843913, 0.955092, 1.0, 1.0, 1.0], "Learning Time": [4.8020339012146, 4.8370726108551025, 12.235848903656006, 4.513458728790283, 5.076495409011841], "Inference Time": [0.7225995063781738, 0.7190356254577637, 1.3840737342834473, 0.7185182571411133, 0.7235095500946045]}, "1.0": {"CLL": [-0.277969, -0.199382, -0.094637, -0.094637, -0.232997], "AUC ROC": [0.910563, 1.0, 1.0, 1.0, 1.0], "AUC PR": [0.843913, 1.0, 1.0, 1.0, 1.0], "Learning Time": [4.857052803039551, 5.767766952514648, 10.557161331176758, 4.627140045166016, 4.969328880310059], "Inference Time": [0.7211458683013916, 0.8017497062683105, 0.960453987121582, 0.7532317638397217, 0.7305834293365479]}}, "euclidean": {"0.2": {"CLL": [-0.292118, -0.311914, -0.095818, -0.185072, -0.285842], "AUC ROC": [0.903675, 0.905864, 1.0, 1.0, 0.908078], "AUC PR": [0.837662, 0.841558, 1.0, 1.0, 0.84475], "Learning Time": [3.8673834800720215, 3.7398762702941895, 5.247841119766235, 3.783414125442505, 3.607090473175049], "Inference Time": [0.6212007999420166, 0.6186730861663818, 0.7554466724395752, 0.6411700248718262, 0.5456109046936035]}, "0.4": {"CLL": [-0.290962, -0.288988, -0.094637, -0.13157, -0.284554], "AUC ROC": [0.906141, 0.903949, 1.0, 1.0, 0.908012], "AUC PR": [0.842505, 0.837936, 1.0, 1.0, 0.844612], "Learning Time": [4.143969297409058, 4.091279983520508, 6.23061990737915, 4.321934938430786, 4.088987350463867], "Inference Time": [0.6245157718658447, 0.6572818756103516, 0.7957828044891357, 0.6390087604522705, 0.6196439266204834]}, "0.6": {"CLL": [-0.273934, -0.288988, -0.094637, -0.104746, -0.204502], "AUC ROC": [0.932948, 0.905864, 1.0, 1.0, 1.0], "AUC PR": [0.865678, 0.841558, 1.0, 1.0, 1.0], "Learning Time": [4.639236211776733, 4.484416723251343, 6.517031192779541, 4.533803939819336, 5.0176682472229], "Inference Time": [0.6849477291107178, 0.6915240287780762, 0.7806591987609863, 0.6547329425811768, 0.6816108226776123]}, "0.8": {"CLL": [-0.275336, -0.175236, -0.094637, -0.101044, -0.204294], "AUC ROC": [0.932948, 1.0, 1.0, 1.0, 1.0], "AUC PR": [0.865678, 1.0, 1.0, 1.0, 1.0], "Learning Time": [4.903425455093384, 5.417994022369385, 7.313211441040039, 4.84077262878418, 5.006925106048584], "Inference Time": [0.743152379989624, 0.6647822856903076, 0.8794403076171875, 0.7150416374206543, 0.6853134632110596]}, "1.0": {"CLL": [-0.276201, -0.182379, -0.094637, -0.100285, -0.237344], "AUC ROC": [0.932948, 1.0, 1.0, 1.0, 1.0], "AUC PR": [0.865678, 1.0, 1.0, 1.0, 1.0], "Learning Time": [5.262430667877197, 5.711032152175903, 7.855305910110474, 5.124175786972046, 5.0399768352508545], "Inference Time": [0.7786293029785156, 0.6600582599639893, 0.9582889080047607, 0.7443454265594482, 0.7652080059051514]}}, "softcosine": {"0.2": {"CLL": [-0.290962, -0.172447, -0.094637, -0.203195, -0.256814], "AUC ROC": [0.904908, 1.0, 1.0, 1.0, 1.0], "AUC PR": [0.840206, 1.0, 1.0, 1.0, 1.0], "Learning Time": [3.3519821166992188, 3.886476755142212, 4.998536825180054, 3.777876853942871, 3.375072479248047], "Inference Time": [0.6021335124969482, 0.5876131057739258, 0.770388126373291, 0.6185874938964844, 0.5496923923492432]}, "0.4": {"CLL": [-0.207423, -0.144396, -0.094637, -0.094637, -0.150666], "AUC ROC": [1.0, 1.0, 1.0, 1.0, 1.0], "AUC PR": [1.0, 1.0, 1.0, 1.0, 1.0], "Learning Time": [4.606830596923828, 4.751403331756592, 5.6587865352630615, 4.112058877944946, 4.314471483230591], "Inference Time": [0.6729409694671631, 0.6911942958831787, 0.8176314830780029, 0.6657364368438721, 0.6449878215789795]}, "0.6": {"CLL": [-0.258718, -0.149569, -0.094637, -0.094637, -0.186615], "AUC ROC": [0.951786, 1.0, 1.0, 1.0, 1.0], "AUC PR": [0.937504, 1.0, 1.0, 1.0, 1.0], "Learning Time": [4.998947381973267, 5.064119577407837, 6.557849407196045, 4.29832649230957, 4.689610958099365], "Inference Time": [0.6696491241455078, 0.7141919136047363, 0.7673192024230957, 0.7006607055664062, 0.6842043399810791]}, "0.8": {"CLL": [-0.277972, -0.175547, -0.094637, -0.094637, -0.220796], "AUC ROC": [0.910563, 1.0, 1.0, 1.0, 1.0], "AUC PR": [0.843913, 1.0, 1.0, 1.0, 1.0], "Learning Time": [5.189720153808594, 5.492900133132935, 6.845925569534302, 4.45685601234436, 5.1549437046051025], "Inference Time": [0.7217426300048828, 0.7496163845062256, 0.8904898166656494, 0.7195582389831543, 0.7136225700378418]}, "1.0": {"CLL": [-0.277969, -0.199382, -0.094637, -0.094637, -0.232997], "AUC ROC": [0.910563, 1.0, 1.0, 1.0, 1.0], "AUC PR": [0.843913, 1.0, 1.0, 1.0, 1.0], "Learning Time": [5.039103031158447, 5.326982021331787, 7.536282777786255, 4.757044315338135, 5.147993087768555], "Inference Time": [0.7635369300842285, 0.7104074954986572, 0.9134550094604492, 0.7394540309906006, 0.7538676261901855]}}, "wmd": {"0.2": {"CLL": [-0.290962, -0.362556, -0.099188, -0.235438, -0.285842], "AUC ROC": [0.904908, 1.0, 1.0, 0.941049, 0.908078], "AUC PR": [0.840206, 1.0, 1.0, 0.881688, 0.84475], "Learning Time": [3.8732669353485107, 3.8009772300720215, 4.9084930419921875, 3.893012762069702, 3.6755387783050537], "Inference Time": [0.6248114109039307, 0.6362900733947754, 0.7423255443572998, 0.538095235824585, 0.6062049865722656]}, "0.4": {"CLL": [-0.290962, -0.10894, -0.094637, -0.172032, -0.286002], "AUC ROC": [0.904908, 1.0, 1.0, 1.0, 0.908078], "AUC PR": [0.840206, 1.0, 1.0, 1.0, 0.84475], "Learning Time": [4.337355852127075, 5.008548259735107, 6.204300403594971, 4.517306566238403, 4.037302017211914], "Inference Time": [0.6661877632141113, 0.6835811138153076, 0.761472225189209, 0.706268310546875, 0.6327128410339355]}, "0.6": {"CLL": [-0.290962, -0.1159, -0.094637, -0.100966, -0.284554], "AUC ROC": [0.904908, 1.0, 1.0, 1.0, 0.907946], "AUC PR": [0.840206, 1.0, 1.0, 1.0, 0.844488], "Learning Time": [4.433874130249023, 5.256078243255615, 7.6543896198272705, 4.643608331680298, 4.371621131896973], "Inference Time": [0.6926970481872559, 0.6788811683654785, 0.8731746673583984, 0.699432373046875, 0.6037707328796387]}, "0.8": {"CLL": [-0.290962, -0.154136, -0.094637, -0.099568, -0.204102], "AUC ROC": [0.906141, 1.0, 1.0, 1.0, 1.0], "AUC PR": [0.842505, 1.0, 1.0, 1.0, 1.0], "Learning Time": [4.898709535598755, 5.711882591247559, 7.6545844078063965, 4.793777942657471, 7.42738151550293], "Inference Time": [0.7466530799865723, 0.7487211227416992, 0.8738729953765869, 0.7258315086364746, 1.116363763809204]}, "1.0": {"CLL": [-0.276201, -0.182358, -0.094637, -0.100285, -0.237344], "AUC ROC": [0.932948, 1.0, 1.0, 1.0, 1.0], "AUC PR": [0.865678, 1.0, 1.0, 1.0, 1.0], "Learning Time": [5.125687122344971, 5.524651527404785, 8.629411220550537, 5.083625555038452, 7.646171569824219],