{"fasttext": {"cosine": {"0.2": {"CLL": [-0.262112, -0.25996, -0.094637, -0.29349, -0.254484], "AUC ROC": [0.934397, 0.935723, 1.0, 0.942903, 0.936351], "AUC PR": [0.886866, 0.889029, 1.0, 0.913944, 0.876514], "Learning Time": [2.9772841930389404, 3.089175224304199, 4.273014783859253, 3.4770188331604004, 3.490248203277588], "Inference Time": [0.5202667713165283, 0.5411555767059326, 0.6259384155273438, 0.5246593952178955, 0.5038633346557617]}, "0.4": {"CLL": [-0.262112, -0.25996, -0.094637, -0.105962, -0.261165], "AUC ROC": [0.934397, 0.935723, 1.0, 1.0, 0.919881], "AUC PR": [0.886866, 0.889029, 1.0, 1.0, 0.861893], "Learning Time": [3.3807339668273926, 3.2517011165618896, 4.802420616149902, 3.4801201820373535, 4.405884504318237], "Inference Time": [0.5634357929229736, 0.5392255783081055, 0.7582378387451172, 0.5389330387115479, 0.6374094486236572]}, "0.6": {"CLL": [-0.259197, -0.25996, -0.094637, -0.105962, -0.224563], "AUC ROC": [0.927524, 0.935723, 1.0, 1.0, 1.0], "AUC PR": [0.861939, 0.889029, 1.0, 1.0, 1.0], "Learning Time": [4.112182378768921, 3.5968289375305176, 5.3695526123046875, 3.868058919906616, 4.2478187084198], "Inference Time": [0.5868074893951416, 0.5674972534179688, 0.7053241729736328, 0.6647322177886963, 0.573124885559082]}, "0.8": {"CLL": [-0.258406, -0.255611, -0.094637, -0.105962, -0.224639], "AUC ROC": [0.927524, 0.930822, 1.0, 1.0, 1.0], "AUC PR": [0.861939, 0.870113, 1.0, 1.0, 1.0], "Learning Time": [4.319756269454956, 4.366355657577515, 5.9880712032318115, 3.9997854232788086, 4.626179218292236], "Inference Time": [0.6408305168151855, 0.6465182304382324, 0.8090243339538574, 0.6364171504974365, 0.5744631290435791]}, "1.0": {"CLL": [-0.258049, -0.256065, -0.094637, -0.105962, -0.259939], "AUC ROC": [0.927524, 0.940625, 1.0, 1.0, 0.924161], "AUC PR": [0.861939, 0.90524, 1.0, 1.0, 0.871167], "Learning Time": [4.7801477909088135, 4.89846396446228, 6.639983654022217, 4.0273520946502686, 4.289926290512085], "Inference Time": [0.6890318393707275, 0.7407810688018799, 0.8746802806854248, 0.6136307716369629, 0.6484856605529785]}}, "euclidean": {"0.2": {"CLL": [-0.277774, -0.257524, -0.094637, -0.182104, -0.258206], "AUC ROC": [0.934397, 0.935723, 1.0, 1.0, 0.951488], "AUC PR": [0.886866, 0.889029, 1.0, 1.0, 0.91646], "Learning Time": [4.26005744934082, 3.336636781692505, 4.346050262451172, 3.6100521087646484, 3.6485438346862793], "Inference Time": [0.7421560287475586, 0.5132622718811035, 0.6098113059997559, 0.532848596572876, 0.5699951648712158]}, "0.4": {"CLL": [-0.270589, -0.257524, -0.094637, -0.105696, -0.274896], "AUC ROC": [0.927524, 0.935723, 1.0, 1.0, 0.919881], "AUC PR": [0.861939, 0.889029, 1.0, 1.0, 0.861893], "Learning Time": [6.453100681304932, 3.491809129714966, 5.252838611602783, 3.944512128829956, 4.4556427001953125], "Inference Time": [1.0481741428375244, 0.539860725402832, 0.7165021896362305, 0.5617907047271729, 0.5887191295623779]}, "0.6": {"CLL": [-0.282506, -0.146122, -0.094637, -0.097601, -0.275637], "AUC ROC": [0.910563, 1.0, 1.0, 1.0, 0.915602], "AUC PR": [0.843913, 1.0, 1.0, 1.0, 0.854147], "Learning Time": [5.6501305103302, 4.390266180038452, 5.563297510147095, 4.019911289215088, 4.045017957687378], "Inference Time": [0.5746078491210938, 0.6495146751403809, 0.7012159824371338, 0.559067964553833, 0.633195161819458]}, "0.8": {"CLL": [-0.208421, -0.172263, -0.094637, -0.097601, -0.165871], "AUC ROC": [1.0, 1.0, 1.0, 1.0, 1.0], "AUC PR": [1.0, 1.0, 1.0, 1.0, 1.0], "Learning Time": [4.385182619094849, 4.736985206604004, 6.576919317245483, 4.0410826206207275, 4.638739585876465], "Inference Time": [0.6615626811981201, 0.6193792819976807, 0.8273110389709473, 0.6513442993164062, 0.6204133033752441]}, "1.0": {"CLL": [-0.208031, -0.147107, -0.094637, -0.097601, -0.206758], "AUC ROC": [1.0, 1.0, 1.0, 1.0, 1.0], "AUC PR": [1.0, 1.0, 1.0, 1.0, 1.0], "Learning Time": [4.8493053913116455, 5.3083655834198, 6.746330261230469, 4.508293390274048, 4.554781675338745], "Inference Time": [0.6639144420623779, 0.6926310062408447, 0.7804045677185059, 0.6905484199523926, 0.6621537208557129]}}, "softcosine": {"0.2": {"CLL": [-0.262112, -0.270562, -0.094637, -0.258776, -0.263226], "AUC ROC": [0.934397, 0.930851, 1.0, 0.947472, 0.933763], "AUC PR": [0.886866, 0.893722, 1.0, 0.908066, 0.874341], "Learning Time": [2.9977571964263916, 3.408494234085083, 4.2892467975616455, 3.1694653034210205, 3.545903444290161], "Inference Time": [0.47143054008483887, 0.6099977493286133, 0.6071360111236572, 0.49413466453552246, 0.5512900352478027]}, "0.4": {"CLL": [-0.261136, -0.261237, -0.094637, -0.105962, -0.261165], "AUC ROC": [0.927524, 0.940625, 1.0, 1.0, 0.919881], "AUC PR": [0.861939, 0.90524, 1.0, 1.0, 0.861893], "Learning Time": [3.980684995651245, 3.7383344173431396, 5.184955596923828, 3.6120777130126953, 4.5254600048065186], "Inference Time": [0.6041934490203857, 0.5543925762176514, 0.7115833759307861, 0.5466639995574951, 0.5733327865600586]}, "0.6": {"CLL": [-0.259197, -0.258569, -0.094637, -0.105962, -0.261165], "AUC ROC": [0.927524, 0.940625, 1.0, 1.0, 0.939389], "AUC PR": [0.861939, 0.90524, 1.0, 1.0, 0.894461], "Learning Time": [4.142503023147583, 4.2219789028167725, 5.730922222137451, 3.785724639892578, 3.67718243598938], "Inference Time": [0.5956206321716309, 0.6468532085418701, 0.7142777442932129, 0.5877566337585449, 0.5947351455688477]}, "0.8": {"CLL": [-0.258406, -0.256514, -0.094637, -0.105962, -0.238627], "AUC ROC": [0.927524, 0.940625, 1.0, 1.0, 1.0], "AUC PR": [0.861939, 0.90524, 1.0, 1.0, 1.0], "Learning Time": [4.410938739776611, 4.6112964153289795, 6.063920974731445, 4.105470895767212, 4.464250087738037], "Inference Time": [0.6337964534759521, 0.6564326286315918, 0.814887523651123, 0.6528599262237549, 0.6065709590911865]}, "1.0": {"CLL": [-0.258049, -0.256065, -0.094637, -0.105962, -0.259939], "AUC ROC": [0.927524, 0.940625, 1.0, 1.0, 0.924161], "AUC PR": [0.861939, 0.90524, 1.0, 1.0, 0.871167], "Learning Time": [4.418625116348267, 4.89298152923584, 6.448962688446045, 4.2865283489227295, 4.5645458698272705], "Inference Time": [0.6354951858520508, 0.7099194526672363, 0.7763023376464844, 0.6444599628448486, 0.6692519187927246]}}, "wmd": {"0.2": {"CLL": [-0.274425, -0.275058, -0.095698, -0.187299, -0.269877], "AUC ROC": [0.927524, 0.935723, 1.0, 1.0, 0.939389], "AUC PR": [0.861939, 0.889029, 1.0, 1.0, 0.894461], "Learning Time": [3.431103467941284, 3.2410542964935303, 4.478460073471069, 3.4257266521453857, 3.233441114425659], "Inference Time": [0.5667140483856201, 0.4927027225494385, 0.6179385185241699, 0.5377151966094971, 0.4866466522216797]}, "0.4": {"CLL": [-0.257601, -0.275058, -0.094637, -0.097601, -0.275494], "AUC ROC": [0.951786, 0.935723, 1.0, 1.0, 0.91477], "AUC PR": [0.937504, 0.889029, 1.0, 1.0, 0.850909], "Learning Time": [4.262946128845215, 3.4613399505615234, 5.579274892807007, 3.909475803375244, 4.63582181930542], "Inference Time": [0.5847797393798828, 0.532008171081543, 0.7440817356109619, 0.6407194137573242, 0.6325891017913818]}, "0.6": {"CLL": [-0.28263, -0.257524, -0.094637, -0.096255, -0.273036], "AUC ROC": [0.910563, 0.935723, 1.0, 1.0, 0.939389], "AUC PR": [0.843913, 0.889029, 1.0, 1.0, 0.894461], "Learning Time": [4.486589670181274, 3.8722031116485596, 5.893933057785034, 4.203676700592041, 3.8943097591400146], "Inference Time": [0.5998680591583252, 0.5836696624755859, 0.8014101982116699, 0.6274802684783936, 0.5375003814697266]}, "0.8": {"CLL": [-0.208318, -0.257524, -0.094637, -0.097601, -0.158833], "AUC ROC": [1.0, 0.935723, 1.0, 1.0, 1.0], "AUC PR": [1.0, 0.889029, 1.0, 1.0, 1.0], "Learning Time": [4.410587787628174, 4.091749429702759, 6.552243709564209, 4.458823919296265, 4.6065826416015625], "Inference Time": [0.5891892910003662, 0.5796787738800049, 0.7770609855651855, 0.6773295402526855, 0.5981709957122803]}, "1.0": {"CLL": [-0.208031, -0.147107, -0.094637, -0.097601, -0.206758], "AUC ROC": [1.0, 1.0, 1.0, 1.0, 1.0], "AUC PR": [1.0, 1.0, 1.0, 1.0, 1.0],