{"fasttext": {"cosine": {"0.2": {"CLL": [-0.175226, -0.330407, -0.094637, -0.196516, -0.345817], "AUC ROC": [1.0, 0.885802, 1.0, 1.0, 0.878338], "AUC PR": [1.0, 0.81407, 1.0, 1.0, 0.804296], "Learning Time": [3.376143455505371, 3.0196774005889893, 4.315148830413818, 3.207275390625, 3.011478900909424], "Inference Time": [0.5251474380493164, 0.5187444686889648, 0.6896052360534668, 0.5034751892089844, 0.4943664073944092]}, "0.4": {"CLL": [-0.183191, -0.170842, -0.094637, -0.102221, -0.198063], "AUC ROC": [1.0, 1.0, 1.0, 1.0, 1.0], "AUC PR": [1.0, 1.0, 1.0, 1.0, 1.0], "Learning Time": [3.5478196144104004, 3.6311776638031006, 4.790351867675781, 3.920748710632324, 3.69621205329895], "Inference Time": [0.557692289352417, 0.5562746524810791, 0.7083358764648438, 0.5945861339569092, 0.6266920566558838]}, "0.6": {"CLL": [-0.171616, -0.170842, -0.094637, -0.094637, -0.145293], "AUC ROC": [1.0, 1.0, 1.0, 1.0, 1.0], "AUC PR": [1.0, 1.0, 1.0, 1.0, 1.0], "Learning Time": [3.866706609725952, 3.9520368576049805, 5.684840679168701, 3.8459744453430176, 4.191257476806641], "Inference Time": [0.5908026695251465, 0.5844345092773438, 0.7428779602050781, 0.5512120723724365, 0.6531271934509277]}, "0.8": {"CLL": [-0.147391, -0.162238, -0.094637, -0.094637, -0.160309], "AUC ROC": [1.0, 1.0, 1.0, 1.0, 1.0], "AUC PR": [1.0, 1.0, 1.0, 1.0, 1.0], "Learning Time": [4.372115850448608, 4.320385932922363, 5.936038970947266, 4.031485557556152, 4.451014280319214], "Inference Time": [0.696185827255249, 0.6051952838897705, 0.7643461227416992, 0.5869896411895752, 0.6424078941345215]}, "1.0": {"CLL": [-0.147133, -0.143021, -0.094637, -0.094637, -0.145432], "AUC ROC": [1.0, 1.0, 1.0, 1.0, 1.0], "AUC PR": [1.0, 1.0, 1.0, 1.0, 1.0], "Learning Time": [4.564145803451538, 4.756642818450928, 6.328911542892456, 4.1688196659088135, 4.279477119445801], "Inference Time": [0.6624157428741455, 0.6450388431549072, 0.7945339679718018, 0.6328542232513428, 0.6206362247467041]}}, "euclidean": {"0.2": {"CLL": [-0.186102, -0.20019, -0.094637, -0.161897, -0.198452], "AUC ROC": [1.0, 1.0, 1.0, 1.0, 1.0], "AUC PR": [1.0, 1.0, 1.0, 1.0, 1.0], "Learning Time": [3.999962568283081, 3.5378689765930176, 4.357130765914917, 3.3091211318969727, 3.2471652030944824], "Inference Time": [0.5166246891021729, 0.5369055271148682, 0.690265417098999, 0.5052328109741211, 0.49372124671936035]}, "0.4": {"CLL": [-0.162979, -0.163092, -0.094637, -0.113341, -0.169103], "AUC ROC": [1.0, 1.0, 1.0, 1.0, 1.0], "AUC PR": [1.0, 1.0, 1.0, 1.0, 1.0], "Learning Time": [4.007476806640625, 4.090774774551392, 5.064006090164185, 3.958505153656006, 3.4514453411102295], "Inference Time": [0.5963001251220703, 0.5801031589508057, 0.7544655799865723, 0.638392448425293, 0.5863409042358398]}, "0.6": {"CLL": [-0.162433, -0.148266, -0.094637, -0.094637, -0.169103], "AUC ROC": [1.0, 1.0, 1.0, 1.0, 1.0], "AUC PR": [1.0, 1.0, 1.0, 1.0, 1.0], "Learning Time": [4.612755537033081, 4.287944078445435, 5.205859899520874, 3.8186347484588623, 3.8966448307037354], "Inference Time": [0.6836373805999756, 0.591973066329956, 0.7127153873443604, 0.5681414604187012, 0.5874853134155273]}, "0.8": {"CLL": [-0.166035, -0.147663, -0.094637, -0.094637, -0.158131], "AUC ROC": [1.0, 1.0, 1.0, 1.0, 1.0], "AUC PR": [1.0, 1.0, 1.0, 1.0, 1.0], "Learning Time": [4.591866731643677, 4.368870258331299, 5.724461078643799, 3.9783408641815186, 4.412213563919067], "Inference Time": [0.6346280574798584, 0.6023125648498535, 0.8115255832672119, 0.5913996696472168, 0.643007755279541]}, "1.0": {"CLL": [-0.147133, -0.143021, -0.094637, -0.094637, -0.145432], "AUC ROC": [1.0, 1.0, 1.0, 1.0, 1.0], "AUC PR": [1.0, 1.0, 1.0, 1.0, 1.0], "Learning Time": [5.0160510540008545, 4.736066818237305, 6.237571477890015, 4.321912050247192, 4.486478090286255], "Inference Time": [0.675518274307251, 0.6443619728088379, 0.840364933013916, 0.6323511600494385, 0.6395590305328369]}}, "softcosine": {"0.2": {"CLL": [-0.1439, -0.170842, -0.094637, -0.161897, -0.19856], "AUC ROC": [1.0, 1.0, 1.0, 1.0, 1.0], "AUC PR": [1.0, 1.0, 1.0, 1.0, 1.0], "Learning Time": [3.788837432861328, 3.3440706729888916, 4.027925968170166, 3.2364327907562256, 3.3380255699157715], "Inference Time": [0.6035494804382324, 0.5167417526245117, 0.6086430549621582, 0.5374722480773926, 0.49654459953308105]}, "0.4": {"CLL": [-0.165088, -0.170842, -0.094637, -0.104142, -0.169103], "AUC ROC": [1.0, 1.0, 1.0, 1.0, 1.0], "AUC PR": [1.0, 1.0, 1.0, 1.0, 1.0], "Learning Time": [3.8730697631835938, 3.582864761352539, 4.913885593414307, 3.866983413696289, 3.4604952335357666], "Inference Time": [0.5729575157165527, 0.5813171863555908, 0.7675797939300537, 0.5521273612976074, 0.5723118782043457]}, "0.6": {"CLL": [-0.166281, -0.170842, -0.094637, -0.094637, -0.169103], "AUC ROC": [1.0, 1.0, 1.0, 1.0, 1.0], "AUC PR": [1.0, 1.0, 1.0, 1.0, 1.0], "Learning Time": [4.2394843101501465, 3.8514435291290283, 5.673207521438599, 4.147725582122803, 3.7497928142547607], "Inference Time": [0.5682501792907715, 0.5941264629364014, 0.858579158782959, 0.6568527221679688, 0.5545165538787842]}, "0.8": {"CLL": [-0.16732, -0.138697, -0.094637, -0.094637, -0.169103], "AUC ROC": [1.0, 1.0, 1.0, 1.0, 1.0], "AUC PR": [1.0, 1.0, 1.0, 1.0, 1.0], "Learning Time": [4.550491571426392, 4.618603229522705, 5.9055397510528564, 4.308460712432861, 3.764970541000366], "Inference Time": [0.6110754013061523, 0.6572754383087158, 0.7741320133209229, 0.643925666809082, 0.5935909748077393]}, "1.0": {"CLL": [-0.147133, -0.143021, -0.094637, -0.094637, -0.145432], "AUC ROC": [1.0, 1.0, 1.0, 1.0, 1.0], "AUC PR": [1.0, 1.0, 1.0, 1.0, 1.0], "Learning Time": [4.4970996379852295, 4.68778133392334, 6.109642028808594, 4.3089916706085205, 4.378560304641724], "Inference Time": [0.6473162174224854, 0.6609330177307129, 0.7939999103546143, 0.648726224899292, 0.6290271282196045]}}, "wmd": {"0.2": {"CLL": [-0.171616, -0.170842, -0.094637, -0.192417, -0.345817], "AUC ROC": [1.0, 1.0, 1.0, 1.0, 0.878338], "AUC PR": [1.0, 1.0, 1.0, 1.0, 0.804296], "Learning Time": [3.410785436630249, 3.316486120223999, 4.273088216781616, 3.6750988960266113, 3.1239781379699707], "Inference Time": [0.560131311416626, 0.5629277229309082, 0.6866583824157715, 0.5174872875213623, 0.5089774131774902]}, "0.4": {"CLL": [-0.171616, -0.170842, -0.094637, -0.094637, -0.169103], "AUC ROC": [1.0, 1.0, 1.0, 1.0, 1.0], "AUC PR": [1.0, 1.0, 1.0, 1.0, 1.0], "Learning Time": [3.6397340297698975, 3.6737523078918457, 5.009693384170532, 3.891399383544922, 3.586404323577881], "Inference Time": [0.5524280071258545, 0.5757732391357422, 0.7080280780792236, 0.6410548686981201, 0.5548098087310791]}, "0.6": {"CLL": [-0.171616, -0.138908, -0.094637, -0.094637, -0.169103], "AUC ROC": [1.0, 1.0, 1.0, 1.0, 1.0], "AUC PR": [1.0, 1.0, 1.0, 1.0, 1.0], "Learning Time": [3.9051380157470703, 4.366395711898804, 5.033829212188721, 3.8420581817626953, 3.732525110244751], "Inference Time": [0.592538595199585, 0.5721688270568848, 0.7005472183227539, 0.6212153434753418, 0.5776619911193848]}, "0.8": {"CLL": [-0.171616, -0.143153, -0.094637, -0.094637, -0.169103], "AUC ROC": [1.0, 1.0, 1.0, 1.0, 1.0], "AUC PR": [1.0, 1.0, 1.0, 1.0, 1.0], "Learning Time": [4.0000083446502686, 4.821849822998047, 5.814734935760498, 4.088148832321167, 4.018850326538086], "Inference Time": [0.6146531105041504, 0.6693484783172607, 0.7710661888122559, 0.6718926429748535, 0.6045455932617188]}, "1.0": {"CLL": [-0.147133, -0.143021, -0.094637, -0.094637, -0.145432], "AUC ROC": [1.0, 1.0, 1.0, 1.0, 1.0], "AUC PR": [1.0, 1.0, 1.0, 1.0, 1.0], "Learning Time": [4.722187757492065, 4.619293928146362, 5.986335754394531, 4.321390867233276, 4.553608417510986], "Inference Time": [0.6630172729492188, 0.7126989364624023, 0.8023121356964111, 0.6863250732421875, 0.6624064445495605]}}}}