{"fasttext": {"cosine": {"0.2": {"CLL": [-0.320296, -0.596198, -0.819224, -0.223673, -0.59052], "AUC ROC": [0.914119, 0.713551, 0.649038, 0.9375, 0.64433], "AUC PR": [0.860383, 0.748681, 0.587571, 0.888889, 0.584337], "Learning Time": [8.214982509613037, 6.968037366867065, 5.998128414154053, 7.26983904838562, 6.226408243179321], "Inference Time": [0.6785409450531006, 0.6082515716552734, 0.5498049259185791, 0.6355915069580078, 0.6350741386413574]}, "0.4": {"CLL": [-0.317106, -0.23827, -0.586893, -0.260046, -0.785386], "AUC ROC": [0.930227, 0.963175, 0.649038, 0.931797, 0.726804], "AUC PR": [0.906657, 0.947571, 0.587571, 0.880981, 0.728217], "Learning Time": [8.315887212753296, 7.892561435699463, 5.981098890304565, 9.235869884490967, 7.240490674972534], "Inference Time": [0.6667439937591553, 0.6594700813293457, 0.4733152389526367, 0.6783087253570557, 0.6393675804138184]}, "0.6": {"CLL": [-0.324814, -0.226256, -0.581389, -0.247462, -0.785386], "AUC ROC": [0.890039, 0.960169, 0.69032, 0.937266, 0.726804], "AUC PR": [0.82762, 0.935569, 0.634209, 0.907653, 0.728217], "Learning Time": [9.321388721466064, 8.8030104637146, 6.708656549453735, 10.422607421875, 7.332162618637085], "Inference Time": [0.7392685413360596, 0.6730172634124756, 0.6066217422485352, 0.7302956581115723, 0.6031391620635986]}, "0.8": {"CLL": [-0.216375, -0.225795, -0.339337, -0.251301, -0.258841], "AUC ROC": [0.959895, 0.954619, 0.869776, 0.938516, 0.927941], "AUC PR": [0.920125, 0.918701, 0.782741, 0.91329, 0.862829], "Learning Time": [10.348042726516724, 8.99946403503418, 7.586794137954712, 10.63533067703247, 9.121878862380981], "Inference Time": [0.6964659690856934, 0.6976711750030518, 0.6070022583007812, 0.7737851142883301, 0.6842291355133057]}, "1.0": {"CLL": [-0.213166, -0.231715, -0.351726, -0.22978, -0.249936], "AUC ROC": [0.963593, 0.955949, 0.866355, 0.935469, 0.930758], "AUC PR": [0.940806, 0.925059, 0.774746, 0.882505, 0.873466], "Learning Time": [10.934728384017944, 10.29709005355835, 7.912226915359497, 12.092957258224487, 9.620255947113037], "Inference Time": [0.7701785564422607, 0.7766077518463135, 0.5928106307983398, 0.8472468852996826, 0.6067478656768799]}}, "euclidean": {"0.2": {"CLL": [-0.379024, -0.582436, -0.819224, -0.45831, -0.615799], "AUC ROC": [0.871795, 0.655914, 0.649038, 0.869688, 0.64433], "AUC PR": [0.817074, 0.592357, 0.587571, 0.886886, 0.584337], "Learning Time": [4.21830415725708, 5.32309889793396, 2.798229455947876, 4.070396184921265, 3.0848679542541504], "Inference Time": [0.6701698303222656, 1.1605539321899414, 0.5263340473175049, 0.6657693386077881, 0.6156182289123535]}, "0.4": {"CLL": [-0.404864, -0.240225, -0.586893, -0.237674, -0.506183], "AUC ROC": [0.853304, 0.954966, 0.649038, 0.966016, 0.819375], "AUC PR": [0.807975, 0.924445, 0.587571, 0.953339, 0.767895], "Learning Time": [10.623944282531738, 8.085074186325073, 2.9627768993377686, 6.131966829299927, 4.155104637145996], "Inference Time": [0.7900247573852539, 1.102792739868164, 0.5725057125091553, 0.7132019996643066, 0.6394960880279541]}, "0.6": {"CLL": [-0.333285, -0.22515, -0.30308, -0.237757, -0.245392], "AUC ROC": [0.884369, 0.963753, 0.899038, 0.943359, 0.931077], "AUC PR": [0.816326, 0.948145, 0.832, 0.921321, 0.875265], "Learning Time": [7.336886644363403, 6.626723051071167, 3.881739854812622, 7.465752363204956, 5.198850631713867], "Inference Time": [0.7921967506408691, 0.6705403327941895, 0.5969188213348389, 0.7833404541015625, 0.6725993156433105]}, "0.8": {"CLL": [-0.335187, -0.219228, -0.339528, -0.234813, -0.242642], "AUC ROC": [0.881657, 0.953694, 0.880501, 0.943125, 0.934956], "AUC PR": [0.806159, 0.920142, 0.803081, 0.908528, 0.887556], "Learning Time": [7.6527440547943115, 7.1028547286987305, 4.7115912437438965, 8.709492683410645, 5.60987663269043], "Inference Time": [0.7966749668121338, 0.7222640514373779, 0.6366119384765625, 0.8234765529632568, 0.6709201335906982]}, "1.0": {"CLL": [-0.213166, -0.231715, -0.351726, -0.22978, -0.249936], "AUC ROC": [0.963593, 0.955949, 0.866355, 0.935469, 0.930758], "AUC PR": [0.940806, 0.925059, 0.774746, 0.882505, 0.873466], "Learning Time": [8.551129341125488, 6.689524412155151, 5.028244495391846, 9.00149393081665, 6.241199493408203], "Inference Time": [1.6561264991760254, 0.7695662975311279, 0.5787885189056396, 0.8332796096801758, 0.6903748512268066]}}, "softcosine": {"0.2": {"CLL": [-0.346328, -0.227836, -0.819224, -0.332873, -0.615799], "AUC ROC": [0.876315, 0.935484, 0.649038, 0.952422, 0.64433], "AUC PR": [0.799963, 0.885714, 0.587571, 0.938973, 0.584337], "Learning Time": [4.756241321563721, 3.770784378051758, 2.949533700942993, 4.917524337768555, 3.0247113704681396], "Inference Time": [0.663569450378418, 0.6306493282318115, 0.5653324127197266, 0.6852388381958008, 0.5611798763275146]}, "0.4": {"CLL": [-0.329946, -0.305526, -0.586893, -0.265931, -0.222343], "AUC ROC": [0.886506, 0.928894, 0.649038, 0.939297, 0.938144], "AUC PR": [0.809654, 0.834922, 0.587571, 0.889898, 0.889908], "Learning Time": [5.5753772258758545, 5.205096244812012, 3.0065088272094727, 5.914957761764526, 4.040462255477905], "Inference Time": [0.6515259742736816, 0.6563754081726074, 0.5882823467254639, 0.6637918949127197, 0.6054728031158447]}, "0.6": {"CLL": [-0.220669, -0.299303, -0.30308, -0.264277, -0.222343], "AUC ROC": [0.943376, 0.918603, 0.899038, 0.918438, 0.938144], "AUC PR": [0.906389, 0.824728, 0.832, 0.838335, 0.889908], "Learning Time": [6.336117267608643, 6.233686923980713, 3.983520269393921, 7.694939374923706, 4.3417274951934814], "Inference Time": [0.7601923942565918, 0.7363636493682861, 0.5924158096313477, 0.7466504573822021, 0.568671703338623]}, "0.8": {"CLL": [-0.216397, -0.29805, -0.32615, -0.231978, -0.222343], "AUC ROC": [0.960059, 0.944676, 0.880501, 0.938203, 0.938144], "AUC PR": [0.92917, 0.899025, 0.803081, 0.876244, 0.889908], "Learning Time": [7.305957317352295, 8.55349087715149, 4.712997913360596, 7.317102909088135, 4.340438365936279], "Inference Time": [0.7893538475036621, 0.7331769466400146, 0.6511452198028564, 0.7959499359130859, 0.5697782039642334]}, "1.0": {"CLL": [-0.214887, -0.231715, -0.351726, -0.22978, -0.249936], "AUC ROC": [0.960552, 0.955949, 0.866355, 0.935469, 0.930758], "AUC PR": [0.933247, 0.925059, 0.774746, 0.882505, 0.873466], "Learning Time": [7.5460450649261475, 7.341468095779419, 4.884837865829468, 9.137635707855225, 5.984371900558472], "Inference Time": [0.8255038261413574, 0.7239854335784912, 0.6460707187652588, 0.8612072467803955, 0.6968867778778076]}}, "wmd": {"0.2": {"CLL": [-0.29712, -0.305535, -0.623379, -0.223673, -0.59052], "AUC ROC": [0.932364, 0.897849, 0.649038, 0.9375, 0.64433], "AUC PR": [0.908639, 0.830357, 0.587571, 0.888889, 0.584337], "Learning Time": [5.196102857589722, 4.127997875213623, 2.9410698413848877, 4.164795637130737, 3.2541990280151367], "Inference Time": [0.673907995223999, 0.6408154964447021, 0.5818376541137695, 0.6873526573181152, 0.6236631870269775]}, "0.4": {"CLL": [-0.213686, -0.257223, -0.623379, -0.231052, -0.222343], "AUC ROC": [0.960388, 0.94774, 0.649038, 0.949063, 0.938144], "AUC PR": [0.940497, 0.919881, 0.587571, 0.932225, 0.889908], "Learning Time": [6.957612752914429, 4.913079500198364, 2.963876485824585, 6.271725416183472, 4.353571653366089], "Inference Time": [0.7054629325866699, 0.5986959934234619, 0.518010139465332, 0.7067227363586426, 0.5871963500976562]}, "0.6": {"CLL": [-0.223277, -0.252462, -0.338982, -0.220456, -0.222343], "AUC ROC": [0.962114, 0.966181, 0.889192, 0.953359, 0.938144], "AUC PR": [0.934641, 0.936324, 0.814274, 0.939121, 0.889908], "Learning Time": [6.746891736984253, 6.1109795570373535, 4.014450788497925, 7.571262359619141, 4.578106880187988], "Inference Time": [0.7485058307647705, 0.7374813556671143, 0.6137232780456543, 0.7479848861694336, 0.6366403102874756]}, "0.8": {"CLL": [-0.217706, -0.237367, -0.329619, -0.250862, -0.222343], "AUC ROC": [0.964826, 0.956469, 0.885956, 0.933594, 0.938144],