{"fasttext": {"cosine": {"0.2": {"CLL": [-0.680803, -0.673092, -0.619677], "AUC ROC": [0.561034, 0.613061, 0.650618], "AUC PR": [0.578804, 0.587881, 0.675131], "Learning Time": [13.940840482711792, 14.040904760360718, 31.032995462417603], "Inference Time": [1.6055116653442383, 1.3682692050933838, 2.1271536350250244]}, "0.4": {"CLL": [-0.611536, -0.647845, -0.650394], "AUC ROC": [0.709713, 0.62497, 0.66316], "AUC PR": [0.711496, 0.648621, 0.682645], "Learning Time": [23.844489812850952, 21.0171058177948, 20.028918266296387], "Inference Time": [2.0132620334625244, 1.9048280715942383, 2.028836965560913]}, "0.6": {"CLL": [-0.638673, -0.66501, -0.657742], "AUC ROC": [0.691233, 0.603353, 0.613034], "AUC PR": [0.705486, 0.632591, 0.646049], "Learning Time": [25.188672304153442, 28.493988275527954, 36.20032978057861], "Inference Time": [2.043765068054199, 2.2616655826568604, 2.6647419929504395]}, "0.8": {"CLL": [-0.653839, -0.617463, -0.666388], "AUC ROC": [0.636671, 0.723361, 0.595588], "AUC PR": [0.661516, 0.739559, 0.62361], "Learning Time": [31.603147745132446, 59.35197329521179, 37.54941964149475], "Inference Time": [2.658688545227051, 4.041037559509277, 2.8622806072235107]}, "1.0": {"CLL": [-0.641664, -0.639126, -0.652154], "AUC ROC": [0.68907, 0.707359, 0.656211], "AUC PR": [0.706562, 0.724191, 0.677385], "Learning Time": [50.95586538314819, 43.10803246498108, 50.80592346191406], "Inference Time": [2.8036131858825684, 3.2054669857025146, 3.7440643310546875]}}, "euclidean": {"0.2": {"CLL": [-0.698361, -0.695822, -0.711729], "AUC ROC": [0.58816, 0.603731, 0.585331], "AUC PR": [0.604853, 0.574488, 0.571956], "Learning Time": [10.905150413513184, 6.845623016357422, 8.95077633857727], "Inference Time": [1.128493309020996, 0.909048318862915, 1.12044095993042]}, "0.4": {"CLL": [-0.673808, -0.635779, -0.648997], "AUC ROC": [0.577563, 0.663068, 0.663256], "AUC PR": [0.587768, 0.679827, 0.685825], "Learning Time": [12.209960460662842, 12.942507982254028, 8.939808130264282], "Inference Time": [1.34560227394104, 1.0845139026641846, 1.0473246574401855]}, "0.6": {"CLL": [-0.620325, -0.641374, -0.673803], "AUC ROC": [0.723431, 0.687626, 0.599573], "AUC PR": [0.737298, 0.687371, 0.624514], "Learning Time": [13.034912347793579, 11.26768159866333, 10.00927448272705], "Inference Time": [1.4418935775756836, 1.6281681060791016, 1.2246229648590088]}, "0.8": {"CLL": [-0.67208, -0.635885, -0.668517], "AUC ROC": [0.589604, 0.685617, 0.609845], "AUC PR": [0.622101, 0.694535, 0.636012], "Learning Time": [11.408527135848999, 13.374704599380493, 11.601404905319214], "Inference Time": [1.512439489364624, 1.5690805912017822, 1.5703015327453613]}, "1.0": {"CLL": [-0.649597, -0.622965, -0.657507], "AUC ROC": [0.668585, 0.711295, 0.633462], "AUC PR": [0.690959, 0.720811, 0.659344], "Learning Time": [13.117530107498169, 16.28853154182434, 11.836839199066162], "Inference Time": [1.722017765045166, 1.5865533351898193, 1.5935695171356201]}}, "softcosine": {"0.2": {"CLL": [-0.715601, -0.69478, -0.690797], "AUC ROC": [0.560798, 0.575034, 0.557433], "AUC PR": [0.554619, 0.573154, 0.585649], "Learning Time": [11.930102825164795, 12.057713270187378, 14.514609575271606], "Inference Time": [1.5773260593414307, 1.5813653469085693, 1.4694528579711914]}, "0.4": {"CLL": [-0.650859, -0.64059, -0.66326], "AUC ROC": [0.654869, 0.677524, 0.60975], "AUC PR": [0.668802, 0.670893, 0.626868], "Learning Time": [10.406209230422974, 23.70777678489685, 24.031444549560547], "Inference Time": [1.0657308101654053, 1.9847955703735352, 2.15871524810791]}, "0.6": {"CLL": [-0.66698, -0.641737, -0.653732], "AUC ROC": [0.622829, 0.670188, 0.633236], "AUC PR": [0.622104, 0.692963, 0.643704], "Learning Time": [32.16441631317139, 30.09074306488037, 22.035236120224], "Inference Time": [2.4702720642089844, 2.6021485328674316, 1.7963497638702393]}, "0.8": {"CLL": [-0.629595, -0.618262, -0.647632], "AUC ROC": [0.686448, 0.718952, 0.676886], "AUC PR": [0.699802, 0.736185, 0.695978], "Learning Time": [30.731136322021484, 30.086108446121216, 31.768118143081665], "Inference Time": [2.3129637241363525, 2.459803342819214, 2.4546542167663574]}, "1.0": {"CLL": [-0.663496, -0.605807, -0.642535], "AUC ROC": [0.606029, 0.759215, 0.68743], "AUC PR": [0.632854, 0.774842, 0.704729], "Learning Time": [48.22946000099182, 40.40539765357971, 84.21254062652588], "Inference Time": [2.9642081260681152, 3.161848306655884, 5.144368886947632]}}, "wmd": {"0.2": {"CLL": [-0.66586, -0.643686, -0.697511], "AUC ROC": [0.591501, 0.662378, 0.542317], "AUC PR": [0.599838, 0.682051, 0.574436], "Learning Time": [23.43934440612793, 23.317455053329468, 9.511065244674683], "Inference Time": [1.8443353176116943, 1.6906766891479492, 0.8860659599304199]}, "0.4": {"CLL": [-0.617094, -0.693615, -0.677006], "AUC ROC": [0.671681, 0.544184, 0.547923], "AUC PR": [0.690558, 0.55031, 0.587095], "Learning Time": [39.26905012130737, 37.73518443107605, 46.0271360874176], "Inference Time": [2.4317517280578613, 2.495591163635254, 2.630629539489746]}, "0.6": {"CLL": [-0.603096, -0.664236, -0.671094], "AUC ROC": [0.712305, 0.588852, 0.56544], "AUC PR": [0.726812, 0.626061, 0.598631], "Learning Time": [59.637704849243164, 54.39330554008484, 54.15770411491394], "Inference Time": [3.0784571170806885, 3.0249249935150146, 3.1087098121643066]}, "0.8": {"CLL": [-0.646075, -0.672712, -0.668571], "AUC ROC": [0.676585, 0.56718, 0.580945], "AUC PR": [0.695739, 0.602334, 0.610769], "Learning Time": [78.76895260810852, 56.730992555618286, 68.30761957168579], "Inference Time": [3.715876340866089, 3.4598560333251953, 3.386673927307129]}, "1.0": {"CLL": [-0.638068, -0.592118, -0.66821], "AUC ROC": [0.690974, 0.760536, 0.598796], "AUC PR": [0.705937, 0.771748, 0.625189], "Learning Time": [81.33505725860596, 82.35775661468506, 83.09065437316895], "Inference Time": [4.089328289031982, 3.981511354446411, 3.959075450897217]}}}}