{"fasttext": {"cosine": {"0.2": {"CLL": [-0.634028, -0.69532], "AUC ROC": [0.719531, 0.606072], "AUC PR": [0.647675, 0.54188], "Learning Time": [71.80215692520142, 29.771846771240234], "Inference Time": [4.423410415649414, 2.199475049972534]}, "0.4": {"CLL": [-0.61788, -0.648969], "AUC ROC": [0.734057, 0.642416], "AUC PR": [0.668648, 0.583181], "Learning Time": [38.84579110145569, 36.004814863204956], "Inference Time": [2.522388219833374, 2.4303505420684814]}, "0.6": {"CLL": [-0.608372, -0.62336], "AUC ROC": [0.740754, 0.672588], "AUC PR": [0.660403, 0.634609], "Learning Time": [47.986764669418335, 48.03816819190979], "Inference Time": [3.3667731285095215, 3.069056272506714]}, "0.8": {"CLL": [-0.606008, -0.63153], "AUC ROC": [0.731899, 0.667737], "AUC PR": [0.700066, 0.600041], "Learning Time": [53.43580770492554, 62.29388403892517], "Inference Time": [3.747451066970825, 3.1152122020721436]}, "1.0": {"CLL": [-0.592781, -0.621206], "AUC ROC": [0.754705, 0.676272], "AUC PR": [0.737516, 0.610749], "Learning Time": [63.05953335762024, 67.63423776626587], "Inference Time": [4.245790481567383, 3.7646071910858154]}}, "euclidean": {"0.2": {"CLL": [-0.729188, -0.644186], "AUC ROC": [0.637615, 0.695326], "AUC PR": [0.569002, 0.648428], "Learning Time": [19.30470609664917, 29.065083265304565], "Inference Time": [0.9843065738677979, 2.2503252029418945]}, "0.4": {"CLL": [-0.618225, -0.636544], "AUC ROC": [0.713264, 0.701846], "AUC PR": [0.645672, 0.658389], "Learning Time": [31.655845403671265, 51.85602784156799], "Inference Time": [1.9371964931488037, 3.4116666316986084]}, "0.6": {"CLL": [-0.585022, -0.642569], "AUC ROC": [0.761156, 0.66188], "AUC PR": [0.716484, 0.626982], "Learning Time": [52.861501693725586, 53.68195986747742], "Inference Time": [3.250357151031494, 3.9226279258728027]}, "0.8": {"CLL": [-0.582755, -0.629328], "AUC ROC": [0.778723, 0.668021], "AUC PR": [0.753957, 0.614798], "Learning Time": [52.26900124549866, 71.79872798919678], "Inference Time": [3.9421746730804443, 5.499824523925781]}, "1.0": {"CLL": [-0.588581, -0.628194], "AUC ROC": [0.763047, 0.689027], "AUC PR": [0.73962, 0.6438], "Learning Time": [58.51382231712341, 72.43746519088745], "Inference Time": [4.370178699493408, 4.230557203292847]}}, "softcosine": {"0.2": {"CLL": [-0.656012, -0.724035], "AUC ROC": [0.645505, 0.612749], "AUC PR": [0.613441, 0.56347], "Learning Time": [18.438820600509644, 21.323307514190674], "Inference Time": [1.619866132736206, 1.8946187496185303]}, "0.4": {"CLL": [-0.657663, -0.660377], "AUC ROC": [0.682281, 0.666352], "AUC PR": [0.670222, 0.618062], "Learning Time": [30.65077829360962, 30.962220191955566], "Inference Time": [2.44064998626709, 2.5197951793670654]}, "0.6": {"CLL": [-0.601331, -0.633414], "AUC ROC": [0.735371, 0.687988], "AUC PR": [0.705184, 0.632271], "Learning Time": [37.52001976966858, 46.468573331832886], "Inference Time": [2.964066982269287, 3.601686477661133]}, "0.8": {"CLL": [-0.597417, -0.631291], "AUC ROC": [0.742686, 0.662698], "AUC PR": [0.71428, 0.604428], "Learning Time": [48.13517618179321, 59.6710262298584], "Inference Time": [3.1687188148498535, 3.9256439208984375]}, "1.0": {"CLL": [-0.592418, -0.637984], "AUC ROC": [0.754684, 0.666541], "AUC PR": [0.742763, 0.610874], "Learning Time": [61.49829721450806, 62.141870975494385], "Inference Time": [4.2392730712890625, 3.9883975982666016]}}, "wmd": {"0.2": {"CLL": [-0.760166, -0.70314], "AUC ROC": [0.577642, 0.668052], "AUC PR": [0.558114, 0.63192], "Learning Time": [46.225127935409546, 24.83664584159851], "Inference Time": [3.642704963684082, 1.6859674453735352]}, "0.4": {"CLL": [-0.626909, -0.648471], "AUC ROC": [0.707388, 0.668115], "AUC PR": [0.656846, 0.615721], "Learning Time": [39.819841146469116, 28.077921152114868], "Inference Time": [3.2408268451690674, 1.889113426208496]}, "0.6": {"CLL": [-0.62012, -0.630213], "AUC ROC": [0.704758, 0.707955], "AUC PR": [0.632522, 0.658707], "Learning Time": [47.59304165840149, 53.356276988983154], "Inference Time": [3.53964900970459, 3.0294268131256104]}, "0.8": {"CLL": [-0.613751, -0.63824], "AUC ROC": [0.730872, 0.675957], "AUC PR": [0.711484, 0.629184], "Learning Time": [63.77190351486206, 55.91090106964111], "Inference Time": [3.7264044284820557, 3.39443039894104]}, "1.0": {"CLL": [-0.588581, -0.628194], "AUC ROC": [0.763047, 0.689027], "AUC PR": [0.73962, 0.6438], "Learning Time": [65.21853566169739, 68.22476029396057], "Inference Time": [4.576776504516602, 4.325698137283325]}}}}