{"fasttext": {"cosine": {"0.2": {"CLL": [-0.899894, -0.803899, -0.569374, -0.896543], "AUC ROC": [0.5, 0.553143, 0.7889, 0.550113], "AUC PR": [0.5, 0.549332, 0.786672, 0.559707], "Learning Time": [8.248521566390991, 9.163508176803589, 6.60290002822876, 7.4744484424591064], "Inference Time": [0.9361176490783691, 0.9780488014221191, 0.9109585285186768, 0.8996028900146484]}, "0.4": {"CLL": [-0.685267, -0.569675, -0.683902, -0.714167], "AUC ROC": [0.63418, 0.794382, 0.648151, 0.59751], "AUC PR": [0.589282, 0.80864, 0.675711, 0.643652], "Learning Time": [14.40266752243042, 8.075722455978394, 7.470249891281128, 7.614101409912109], "Inference Time": [1.276015043258667, 1.0151798725128174, 0.9688167572021484, 0.939603328704834]}, "0.6": {"CLL": [-0.594864, -0.58356, -0.42715, -0.638305], "AUC ROC": [0.747617, 0.786038, 0.885519, 0.63666], "AUC PR": [0.768311, 0.815342, 0.864022, 0.683141], "Learning Time": [10.717686653137207, 9.541640520095825, 10.347581386566162, 7.746086835861206], "Inference Time": [1.2747890949249268, 1.074106216430664, 1.0463685989379883, 1.0306789875030518]}, "0.8": {"CLL": [-0.561423, -0.580317, -0.567651, -0.61932], "AUC ROC": [0.86169, 0.814482, 0.828148, 0.686998], "AUC PR": [0.872701, 0.821569, 0.825208, 0.720064], "Learning Time": [11.616642951965332, 10.98562502861023, 9.457223176956177, 9.08010220527649], "Inference Time": [1.3029930591583252, 1.3286807537078857, 1.1233108043670654, 1.1549592018127441]}, "1.0": {"CLL": [-0.623251, -0.573832, -0.649395, -0.632347], "AUC ROC": [0.70634, 0.824471, 0.640345, 0.636255], "AUC PR": [0.747234, 0.833677, 0.688769, 0.682376], "Learning Time": [12.20225477218628, 15.024616003036499, 9.607722759246826, 9.133134603500366], "Inference Time": [1.2500455379486084, 1.3568742275238037, 1.150184154510498, 1.0558366775512695]}}, "euclidean": {"0.2": {"CLL": [-0.797896, -0.763308, -0.722128, -0.785687], "AUC ROC": [0.537454, 0.569954, 0.623017, 0.5], "AUC PR": [0.516114, 0.623163, 0.624334, 0.5], "Learning Time": [6.999746799468994, 7.270130634307861, 7.302435636520386, 6.682893753051758], "Inference Time": [1.0380961894989014, 0.877272367477417, 0.7699460983276367, 0.8461146354675293]}, "0.4": {"CLL": [-0.715812, -0.588251, -0.652509, -0.709352], "AUC ROC": [0.577103, 0.7579, 0.69146, 0.550744], "AUC PR": [0.630747, 0.761494, 0.730118, 0.537486], "Learning Time": [8.489689350128174, 9.0770845413208, 8.274044036865234, 8.1085045337677], "Inference Time": [1.0791473388671875, 1.0737884044647217, 0.9753866195678711, 0.9654767513275146]}, "0.6": {"CLL": [-0.695042, -0.527832, -0.645125, -0.638812], "AUC ROC": [0.583308, 0.844357, 0.649572, 0.653473], "AUC PR": [0.6096, 0.853709, 0.701235, 0.681093], "Learning Time": [10.340516567230225, 9.68506407737732, 8.458585977554321, 7.924062013626099], "Inference Time": [1.0221595764160156, 1.1442070007324219, 0.9687082767486572, 1.0194642543792725]}, "0.8": {"CLL": [-0.660239, -0.529372, -0.58238, -0.579887], "AUC ROC": [0.621039, 0.849149, 0.780122, 0.790009], "AUC PR": [0.653001, 0.860607, 0.815088, 0.819607], "Learning Time": [9.676683187484741, 9.990609884262085, 9.044209003448486, 9.02389407157898], "Inference Time": [1.278855562210083, 1.233191967010498, 1.1367900371551514, 1.0890021324157715]}, "1.0": {"CLL": [-0.606796, -0.630341, -0.56819, -0.618455], "AUC ROC": [0.75034, 0.684571, 0.824636, 0.704885], "AUC PR": [0.779661, 0.718454, 0.838994, 0.73542], "Learning Time": [10.940901279449463, 11.52938437461853, 9.626440048217773, 9.542272567749023], "Inference Time": [1.307225227355957, 1.2289481163024902, 1.2501420974731445, 1.1920926570892334]}}, "softcosine": {"0.2": {"CLL": [-0.714435, -0.672455, -0.744599, -0.760518], "AUC ROC": [0.634393, 0.620591, 0.561997, 0.616658], "AUC PR": [0.637376, 0.660057, 0.532129, 0.601831], "Learning Time": [6.689601898193359, 8.804198026657104, 6.63045334815979, 8.131103277206421], "Inference Time": [0.8133182525634766, 0.9952404499053955, 0.9476497173309326, 0.8252711296081543]}, "0.4": {"CLL": [-0.673211, -0.630815, -0.532578, -0.665039], "AUC ROC": [0.673067, 0.687768, 0.815656, 0.664804], "AUC PR": [0.69848, 0.73124, 0.820399, 0.695324], "Learning Time": [9.964640140533447, 8.42146110534668, 7.651507377624512, 7.343652725219727], "Inference Time": [0.9907729625701904, 0.995530366897583, 1.0062229633331299, 0.9124605655670166]}, "0.6": {"CLL": [-0.626056, -0.58342, -0.596659, -0.612962], "AUC ROC": [0.664391, 0.820135, 0.756663, 0.719194], "AUC PR": [0.693609, 0.829164, 0.748359, 0.756071], "Learning Time": [8.77629017829895, 9.62040090560913, 8.489156246185303, 8.345046281814575], "Inference Time": [1.096224308013916, 1.082939624786377, 1.0964152812957764, 1.0483689308166504]}, "0.8": {"CLL": [-0.526041, -0.546144, -0.59198, -0.488219], "AUC ROC": [0.841243, 0.855208, 0.78067, 0.950724], "AUC PR": [0.864179, 0.858286, 0.775901, 0.935857], "Learning Time": [9.524681329727173, 13.479066610336304, 9.05873703956604, 12.82535195350647], "Inference Time": [1.1012310981750488, 1.2590949535369873, 1.0960583686828613, 1.2878363132476807]}, "1.0": {"CLL": [-0.620901, -0.524761, -0.630318, -0.632603], "AUC ROC": [0.719324, 0.869, 0.648979, 0.642423], "AUC PR": [0.754402, 0.870051, 0.69114, 0.687536], "Learning Time": [10.702990770339966, 12.493442296981812, 9.782543659210205, 9.18780255317688], "Inference Time": [1.2409706115722656, 1.279557228088379, 1.036372423171997, 1.1823618412017822]}}, "wmd": {"0.2": {"CLL": [-0.65205, -0.742844, -0.665003, -0.743548], "AUC ROC": [0.715237, 0.615956, 0.651768, 0.588277], "AUC PR": [0.732986, 0.60642, 0.703377, 0.608391], "Learning Time": [9.989582538604736, 8.600428342819214, 6.598074674606323, 7.1381261348724365], "Inference Time": [0.8506350517272949, 0.8829727172851562, 0.9078428745269775, 0.8594706058502197]}, "0.4": {"CLL": [-0.613675, -0.564271, -0.584073, -0.506498], "AUC ROC": [0.72524, 0.752125, 0.762176, 0.843967], "AUC PR": [0.753518, 0.787064, 0.788412, 0.862027], "Learning Time": [10.193167924880981, 8.444530487060547, 6.984251022338867, 8.95590090751648], "Inference Time": [1.0943264961242676, 1.0295131206512451, 0.9472379684448242, 0.9496519565582275]}, "0.6": {"CLL": [-0.663708, -0.603375, -0.614446, -0.597169], "AUC ROC": [0.631778, 0.71434, 0.703482, 0.732148], "AUC PR": [0.648356, 0.739461, 0.733137, 0.774604], "Learning Time": [9.841700077056885, 9.717180490493774, 8.065791845321655, 8.566943883895874], "Inference Time": [0.9823341369628906, 1.1800594329833984, 1.0257740020751953, 1.0276353359222412]}, "0.8": {"CLL": [-0.544234, -0.623623, -0.639091, -0.640477], "AUC ROC": [0.822267, 0.677088, 0.633567, 0.609085], "AUC PR": [0.833226, 0.716488, 0.68332, 0.663492], "Learning Time": [9.299293518066406, 12.069859266281128, 8.704363346099854, 9.537560224533081], "Inference Time": [1.0756449699401855, 1.3279309272766113, 1.102820873260498, 1.1035194396972656]}, "1.0": {"CLL": [-0.587109, -0.567903, -0.640491, -0.633915], "AUC ROC": [0.79581, 0.843439, 0.64301, 0.632528], "AUC PR": [0.822903, 0.843032, 0.692084, 0.680993], "Learning Time": [10.232627391815186, 14.84549331665039, 9.423419713973999, 8.984638929367065], "Inference Time": [1.2898309230804443, 1.4856743812561035, 1.0738704204559326, 1.1144599914550781]}}}}