{"fasttext": {"cosine": {"0.2": {"CLL": [-0.641384, -0.657654], "AUC ROC": [0.720558, 0.676461], "AUC PR": [0.659154, 0.625367], "Learning Time": [68.06353855133057, 85.69089961051941], "Inference Time": [7.423582553863525, 9.021039724349976]}, "0.4": {"CLL": [-0.612743, -0.656719], "AUC ROC": [0.721996, 0.665564], "AUC PR": [0.696428, 0.60847], "Learning Time": [114.97393918037415, 156.47049403190613], "Inference Time": [13.703715801239014, 18.465898990631104]}, "0.6": {"CLL": [-0.604936, -0.638215], "AUC ROC": [0.723455, 0.66736], "AUC PR": [0.649325, 0.614023], "Learning Time": [158.15062832832336, 169.127051115036], "Inference Time": [19.667332410812378, 24.110936164855957]}, "0.8": {"CLL": [-0.590635, -0.638687], "AUC ROC": [0.761978, 0.670729], "AUC PR": [0.718066, 0.651915], "Learning Time": [191.2254900932312, 233.5341613292694], "Inference Time": [23.43750500679016, 28.577472925186157]}, "1.0": {"CLL": [-0.588238, -0.629731], "AUC ROC": [0.757705, 0.655486], "AUC PR": [0.725315, 0.574049], "Learning Time": [184.43464970588684, 278.5172641277313], "Inference Time": [24.525174140930176, 38.28107237815857]}}, "euclidean": {"0.2": {"CLL": [-0.669716, -0.736228], "AUC ROC": [0.638026, 0.656431], "AUC PR": [0.608676, 0.581253], "Learning Time": [82.4955723285675, 89.8140594959259], "Inference Time": [10.077865839004517, 8.872277021408081]}, "0.4": {"CLL": [-0.607024, -0.671787], "AUC ROC": [0.726023, 0.668241], "AUC PR": [0.680673, 0.620428], "Learning Time": [67.67009663581848, 145.53036880493164], "Inference Time": [7.430438041687012, 14.020262002944946]}, "0.6": {"CLL": [-0.586373, -0.622024], "AUC ROC": [0.734611, 0.719262], "AUC PR": [0.701429, 0.727607], "Learning Time": [135.85264468193054, 144.0478458404541], "Inference Time": [15.202586650848389, 15.92847990989685]}, "0.8": {"CLL": [-0.592582, -0.630394], "AUC ROC": [0.744514, 0.676209], "AUC PR": [0.707276, 0.612252], "Learning Time": [205.66925573349, 162.54779529571533], "Inference Time": [21.582730770111084, 15.5648672580719]}, "1.0": {"CLL": [-0.588238, -0.623186], "AUC ROC": [0.757705, 0.659769], "AUC PR": [0.725315, 0.615362], "Learning Time": [206.4505627155304, 276.37813448905945], "Inference Time": [28.939387798309326, 38.743340492248535]}}, "softcosine": {"0.2": {"CLL": [-0.630901, -0.685687], "AUC ROC": [0.718586, 0.637944], "AUC PR": [0.695033, 0.600724], "Learning Time": [58.38791465759277, 184.84842824935913], "Inference Time": [5.819436550140381, 13.30285382270813]}, "0.4": {"CLL": [-0.621649, -0.650897], "AUC ROC": [0.724975, 0.638416], "AUC PR": [0.713372, 0.575924], "Learning Time": [120.25546312332153, 169.5687279701233], "Inference Time": [12.332764387130737, 15.74030590057373]}, "0.6": {"CLL": [-0.602608, -0.635529], "AUC ROC": [0.746137, 0.672115], "AUC PR": [0.718324, 0.628486], "Learning Time": [137.1583821773529, 184.2332468032837], "Inference Time": [15.797990560531616, 26.64958643913269]}, "0.8": {"CLL": [-0.592094, -0.621425], "AUC ROC": [0.766169, 0.665218], "AUC PR": [0.733262, 0.622417], "Learning Time": [150.6273865699768, 332.25850892066956], "Inference Time": [19.269169569015503, 34.451985359191895]}, "1.0": {"CLL": [-0.587957, -0.629731], "AUC ROC": [0.757705, 0.655486], "AUC PR": [0.725315, 0.574049], "Learning Time": [179.55896854400635, 295.6367042064667], "Inference Time": [23.06382727622986, 38.47985005378723]}}, "wmd": {"0.2": {"CLL": [-0.680216, -0.650635], "AUC ROC": [0.644375, 0.683233], "AUC PR": [0.632096, 0.637193], "Learning Time": [51.056352853775024, 68.49624681472778], "Inference Time": [6.309753894805908, 5.741061687469482]}, "0.4": {"CLL": [-0.661853, -0.60534], "AUC ROC": [0.686534, 0.7226], "AUC PR": [0.606711, 0.687348], "Learning Time": [117.17645645141602, 84.2399628162384], "Inference Time": [13.896085739135742, 7.137587547302246]}, "0.6": {"CLL": [-0.615624, -0.620023], "AUC ROC": [0.717086, 0.695421], "AUC PR": [0.677404, 0.645051], "Learning Time": [109.04975080490112, 178.57897758483887], "Inference Time": [10.117042303085327, 22.09261393547058]}, "0.8": {"CLL": [-0.590724, -0.639415], "AUC ROC": [0.755239, 0.666856], "AUC PR": [0.709689, 0.62176], "Learning Time": [202.9081642627716, 229.98366498947144], "Inference Time": [21.963725328445435, 27.847620964050293]}, "1.0": {"CLL": [-0.588238, -0.627132], "AUC ROC": [0.757705, 0.662069], "AUC PR": [0.725315, 0.581789], "Learning Time": [191.25971174240112, 328.7176399230957], "Inference Time": [23.880486726760864, 39.34647464752197]}}}}