{"fasttext": {"cosine": {"0.2": {"CLL": [-0.702973, -0.700682, -0.702617, -0.691591, -0.701193], "AUC ROC": [0.561214, 0.501404, 0.559035, 0.55519, 0.539946], "AUC PR": [0.575785, 0.501864, 0.580924, 0.576131, 0.563974], "Learning Time": [17.635614156723022, 6.031656265258789, 20.439955949783325, 41.16304540634155, 18.751102685928345], "Inference Time": [1.8015716075897217, 0.9145035743713379, 1.5477759838104248, 1.8789031505584717, 1.518620491027832]}, "0.4": {"CLL": [-0.69656, -0.712628, -0.453442, -0.690804, -0.70381], "AUC ROC": [0.563366, 0.542928, 0.857157, 0.545049, 0.532266], "AUC PR": [0.576055, 0.515448, 0.815367, 0.563019, 0.559018], "Learning Time": [21.54294443130493, 16.20970320701599, 40.54376435279846, 34.43498873710632, 23.48124384880066], "Inference Time": [1.5465939044952393, 1.1868150234222412, 1.7093360424041748, 1.3568294048309326, 1.6900877952575684]}, "0.6": {"CLL": [-0.689958, -0.716377, -0.450321, -0.691003, -0.700916], "AUC ROC": [0.563461, 0.517752, 0.856686, 0.549157, 0.54034], "AUC PR": [0.583385, 0.504731, 0.813335, 0.566311, 0.567095], "Learning Time": [37.69234323501587, 37.00596308708191, 56.084200620651245, 50.00145125389099, 32.600120306015015], "Inference Time": [1.8732995986938477, 1.5444340705871582, 1.8468587398529053, 1.6400654315948486, 2.0557501316070557]}, "0.8": {"CLL": [-0.692356, -0.707976, -0.484986, -0.684173, -0.689951], "AUC ROC": [0.563222, 0.55068, 0.854175, 0.569551, 0.542882], "AUC PR": [0.583827, 0.525106, 0.811776, 0.586317, 0.562849], "Learning Time": [43.93216013908386, 55.398108959198, 57.4870548248291, 55.40871620178223, 30.830758094787598], "Inference Time": [2.06299090385437, 1.6507503986358643, 1.9196181297302246, 1.7286961078643799, 1.5215115547180176]}, "1.0": {"CLL": [-0.693219, -0.705932, -0.451122, -0.684805, -0.689244], "AUC ROC": [0.563118, 0.554749, 0.856026, 0.570013, 0.54282], "AUC PR": [0.580625, 0.528799, 0.808884, 0.581508, 0.565116], "Learning Time": [50.48525881767273, 56.722442388534546, 95.62785339355469, 64.31031036376953, 42.93906879425049], "Inference Time": [2.0526654720306396, 2.002668857574463, 2.378995895385742, 2.0296409130096436, 2.1019585132598877]}}, "euclidean": {"0.2": {"CLL": [-0.677379, -0.694142, -0.674878, -0.571899, -0.671236], "AUC ROC": [0.595699, 0.571224, 0.61566, 0.855758, 0.606905], "AUC PR": [0.666046, 0.572217, 0.686017, 0.862947, 0.67927], "Learning Time": [15.864830255508423, 23.929333209991455, 11.814707040786743, 60.23541831970215, 12.940568685531616], "Inference Time": [0.9321608543395996, 1.2195303440093994, 1.124840259552002, 1.4854404926300049, 1.0437519550323486]}, "0.4": {"CLL": [-0.670133, -0.686951, -0.538508, -0.653251, -0.673403], "AUC ROC": [0.615649, 0.611094, 0.864908, 0.63683, 0.606074], "AUC PR": [0.66256, 0.59485, 0.861653, 0.661026, 0.665181], "Learning Time": [20.734875202178955, 63.40112924575806, 47.683361768722534, 50.11845922470093, 28.5576913356781], "Inference Time": [1.1232078075408936, 1.4198296070098877, 1.8375575542449951, 1.4508061408996582, 1.5908162593841553]}, "0.6": {"CLL": [-0.678924, -0.694254, -0.540214, -0.652203, -0.67192], "AUC ROC": [0.617663, 0.598773, 0.873133, 0.637963, 0.614123], "AUC PR": [0.686866, 0.578946, 0.864023, 0.689984, 0.681705], "Learning Time": [35.053107261657715, 71.46407628059387, 43.834367513656616, 62.247090101242065, 32.04049515724182], "Inference Time": [1.134087324142456, 1.449256181716919, 1.52628493309021, 1.8489048480987549, 1.3429052829742432]}, "0.8": {"CLL": [-0.680455, -0.690918, -0.5356, -0.649671, -0.66984], "AUC ROC": [0.618507, 0.614284, 0.866825, 0.64359, 0.605907], "AUC PR": [0.678866, 0.591522, 0.862525, 0.695876, 0.652391], "Learning Time": [39.483346939086914, 60.40228629112244, 53.85478854179382, 87.24285864830017, 51.917256116867065], "Inference Time": [1.2929303646087646, 1.6030681133270264, 2.000864267349243, 1.781146764755249, 1.631241798400879]}, "1.0": {"CLL": [-0.471252, -0.689323, -0.473448, -0.657051, -0.672521], "AUC ROC": [0.857591, 0.615281, 0.880083, 0.639452, 0.6195], "AUC PR": [0.853586, 0.588565, 0.874173, 0.694326, 0.664465], "Learning Time": [104.01726579666138, 70.08370995521545, 86.48310279846191, 97.8393132686615, 51.72695779800415], "Inference Time": [2.198085069656372, 1.7684590816497803, 2.428640842437744, 2.2507712841033936, 2.0767500400543213]}}, "softcosine": {"0.2": {"CLL": [-0.689907, -0.70721, -0.502576, -0.703677, -0.716589], "AUC ROC": [0.560666, 0.539305, 0.844604, 0.548691, 0.533773], "AUC PR": [0.579759, 0.518786, 0.801174, 0.552141, 0.557314], "Learning Time": [17.609492778778076, 21.17731261253357, 23.562458038330078, 28.74792242050171, 14.476628303527832], "Inference Time": [1.3069090843200684, 1.151085376739502, 1.3748736381530762, 1.1924464702606201, 1.1651313304901123]}, "0.4": {"CLL": [-0.521735, -0.701949, -0.455726, -0.698919, -0.693731], "AUC ROC": [0.850841, 0.545308, 0.85473, 0.54312, 0.533564], "AUC PR": [0.807236, 0.519669, 0.807161, 0.553408, 0.551442], "Learning Time": [45.81966280937195, 33.4861626625061, 44.67304515838623, 44.45696306228638, 14.762762784957886], "Inference Time": [1.5029630661010742, 1.1941499710083008, 1.7691664695739746, 1.6533524990081787, 1.318178415298462]}, "0.6": {"CLL": [-0.587357, -0.706537, -0.454742, -0.688949, -0.688929], "AUC ROC": [0.842884, 0.550384, 0.857316, 0.55646, 0.54278], "AUC PR": [0.794879, 0.5243, 0.814312, 0.571963, 0.564377], "Learning Time": [56.824989795684814, 36.035876750946045, 54.63574194908142, 52.79051971435547, 32.18546390533447], "Inference Time": [2.029749870300293, 1.5750398635864258, 1.966479778289795, 1.654651165008545, 1.4749693870544434]}, "0.8": {"CLL": [-0.693628, -0.710892, -0.450752, -0.686864, -0.69074], "AUC ROC": [0.563133, 0.548217, 0.856648, 0.556485, 0.542623], "AUC PR": [0.581147, 0.52735, 0.813196, 0.576244, 0.561977], "Learning Time": [41.589630365371704, 77.51335859298706, 69.9306058883667, 63.867706298828125, 32.0548779964447], "Inference Time": [2.1136667728424072, 1.7300541400909424, 2.4831836223602295, 1.876587152481079, 1.879896879196167]}, "1.0": {"CLL": [-0.693609, -0.705274, -0.451144, -0.685728, -0.689526], "AUC ROC": [0.563051, 0.555197, 0.85665, 0.562415, 0.54281], "AUC PR": [0.580464, 0.529146, 0.812901, 0.579659, 0.564265], "Learning Time": [49.7546329498291, 53.275745153427124, 93.17864060401917, 79.34727787971497, 37.08387780189514], "Inference Time": [2.1558539867401123, 1.878706932067871, 2.3537521362304688, 1.9263675212860107, 2.010143995285034]}}, "wmd": {"0.2": {"CLL": [-0.427113, -0.75705, -0.404017, -0.68615, -0.688211], "AUC ROC": [0.865013, 0.494435, 0.856223, 0.57042, 0.551527], "AUC PR": [0.803334, 0.477905, 0.80979, 0.581243, 0.570233], "Learning Time": [59.86342978477478, 18.20979142189026, 63.41521692276001, 19.117758989334106, 18.023966550827026], "Inference Time": [1.648224115371704, 0.9883849620819092, 1.9266698360443115, 1.1066761016845703, 1.3878710269927979]}, "0.4": {"CLL": [-0.411748, -0.717269, -0.670975, -0.671708, -0.689577], "AUC ROC": [0.865343, 0.50459, 0.564702, 0.564773, 0.546148], "AUC PR": [0.803521, 0.490899, 0.575339, 0.57068, 0.557933], "Learning Time": [110.46468544006348, 29.925012826919556, 19.957891702651978, 18.87369203567505, 16.870299100875854], "Inference Time": [2.1235225200653076, 1.1648423671722412, 1.2750296592712402, 1.2584331035614014, 1.2978236675262451]}, "0.6": {"CLL": [-0.416511, -0.711576, -0.669705, -0.674612, -0.690523], "AUC ROC": [0.862255, 0.54655, 0.564721, 0.564116, 0.533868], "AUC PR": [0.821837, 0.520782, 0.574515, 0.567448, 0.543695], "Learning Time": [149.74704432487488, 46.93525838851929, 24.42170023918152, 26.95814561843872, 26.880978107452393], "Inference Time": [2.7932944297790527, 1.4979910850524902, 1.5151610374450684, 1.4626853466033936, 1.675544023513794]}, "0.8": {"CLL": [-0.6912, -0.709919, -0.673096, -0.669682, -0.691823], "AUC ROC": [0.555585, 0.552988, 0.562255, 0.576173, 0.533537], "AUC PR": [0.57659, 0.522135, 0.57108, 0.590531, 0.544374],